group	label	showSelected1
1	Cluster 15: 2943/5572 pixels shown, logFC -3.1 to 3.9, log10(p) 0.0 to 11.0	15
1	Cluster 22: 1535/6175 pixels shown, logFC -4.2 to 3.6, log10(p) 0.0 to 4.1	22
1	Cluster 41: 110/1518 pixels shown, logFC -4.3 to 3.2, log10(p) 0.0 to 3.1	41
1	Cluster 109: 100/1540 pixels shown, logFC -3.1 to 2.8, log10(p) 0.0 to 3.5	109
1	Cluster 226: 145/1031 pixels shown, logFC -1.9 to 1.8, log10(p) 0.0 to 2.8	226
1	Cluster 318: 6/6 pixels shown, logFC 0.9 to 1.2, log10(p) 5.0 to 11.1	318
1	Cluster 433: 67/67 pixels shown, logFC 0.0 to 1.2, log10(p) 0.0 to 7.7	433
1	Cluster 450: 6/6 pixels shown, logFC 0.7 to 1.0, log10(p) 6.5 to 11.4	450
1	Cluster 461: 3/3 pixels shown, logFC 1.7 to 3.3, log10(p) 0.8 to 1.3	461
1	Cluster 498: 23/23 pixels shown, logFC 0.1 to 2.1, log10(p) 0.0 to 1.9	498
1	Cluster 501: 6/6 pixels shown, logFC 0.4 to 0.7, log10(p) 4.6 to 10.9	501
1	Cluster 628: 1/1 pixels shown, logFC -5.1 to -5.1, log10(p) 3.7 to 3.7	628
1	Cluster 651: 1/1 pixels shown, logFC 4.1 to 4.1, log10(p) 2.0 to 2.0	651
1	Cluster 739: 1/1 pixels shown, logFC -1.0 to -1.0, log10(p) 17.2 to 17.2	739
1	Cluster 783: 48/116 pixels shown, logFC -0.3 to 1.2, log10(p) 0.0 to 5.6	783
1	Cluster 824: 5/5 pixels shown, logFC -0.8 to -0.6, log10(p) 6.4 to 9.0	824
