xmin	xmax	ymin	ymax	showSelected1	row_in_group	na_group
-2.45	-1.55	-1.26269797924631	0	3500,0	18	17
-1.45	-0.55	-3.20316766794102	0	3500,0	19	17
-0.45	0.45	-2.91698525395959	0	3500,0	20	17
0.55	1.45	-5.57509557618788	0	3500,0	21	17
1.55	2.45	-0.532495903877662	0	3500,0	22	17
2.55	3.45	-0.167667941015838	0	3500,0	23	17
3.55	4.45	-0.0524303659202622	0	3500,0	24	17
-44.45	-43.55	-0.104314582195522	0	3550,0	26	18
-43.45	-42.55	-0.515019115237575	0	3550,0	27	18
-40.45	-39.55	-0.124522119060623	0	3550,0	30	20
-34.45	-33.55	-0.930638995084653	0	3550,0	36	25
-33.45	-32.55	-0.0715456034953577	0	3550,0	37	25
-31.45	-30.55	-0.214636810486073	0	3550,0	39	26
-30.45	-29.55	-1.2408519934462	0	3550,0	40	26
-29.45	-28.55	-1.11141452758056	0	3550,0	41	26
-28.45	-27.55	-0.447842708902239	0	3550,0	42	26
-27.45	-26.55	-0.589841616602949	0	3550,0	43	26
-24.45	-23.55	-2.45275805570726	0	3550,0	46	28
-23.45	-22.55	-0.281267067176406	0	3550,0	47	28
-21.45	-20.55	-1.90988530857455	0	3550,0	49	29
-20.45	-19.55	-4.0606226105953	0	3550,0	50	29
-19.45	-18.55	-0.813762971054069	0	3550,0	51	29
-18.45	-17.55	-0.0715456034953577	0	3550,0	52	29
-17.45	-16.55	-0.138175860185691	0	3550,0	53	29
-16.45	-15.55	-0.851447296559257	0	3550,0	54	29
-15.45	-14.55	-0.577280174767886	0	3550,0	55	29
-14.45	-13.55	-0.716548334243583	0	3550,0	56	29
-11.45	-10.55	-0.436373566357182	0	3550,0	59	31
-9.45	-8.55	-0.841070453304205	0	3550,0	61	32
-8.45	-7.55	-2.02785363189514	0	3550,0	62	32
-3.45	-2.55	-1.27471327143637	0	3550,0	67	36
-2.45	-1.55	-0.0906608410704533	0	3550,0	68	36
-1.45	-0.55	-0.718732932823594	0	3550,0	69	36
-0.45	0.45	-1.69470234844347	0	3550,0	70	36
0.55	1.45	-1.61004915346805	0	3550,0	71	36
1.55	2.45	-0.343528126706718	0	3550,0	72	36
-44.45	-43.55	-0.104314582195522	0	3550,50	75	38
-43.45	-42.55	-0.515019115237575	0	3550,50	76	38
-40.45	-39.55	-0.124522119060623	0	3550,50	79	40
-34.45	-33.55	-0.930638995084653	0	3550,50	85	45
-33.45	-32.55	-0.0715456034953577	0	3550,50	86	45
-31.45	-30.55	-0.214636810486073	0	3550,50	88	46
-30.45	-29.55	-1.2408519934462	0	3550,50	89	46
-29.45	-28.55	-1.11141452758056	0	3550,50	90	46
-28.45	-27.55	-0.447842708902239	0	3550,50	91	46
-27.45	-26.55	-0.589841616602949	0	3550,50	92	46
-24.45	-23.55	-2.45275805570726	0	3550,50	95	48
-23.45	-22.55	-0.281267067176406	0	3550,50	96	48
-21.45	-20.55	-1.90988530857455	0	3550,50	98	49
-20.45	-19.55	-4.0606226105953	0	3550,50	99	49
-19.45	-18.55	-0.813762971054069	0	3550,50	100	49
-18.45	-17.55	-0.0715456034953577	0	3550,50	101	49
-17.45	-16.55	-0.138175860185691	0	3550,50	102	49
-16.45	-15.55	-0.851447296559257	0	3550,50	103	49
-15.45	-14.55	-0.577280174767886	0	3550,50	104	49
-14.45	-13.55	-0.716548334243583	0	3550,50	105	49
-11.45	-10.55	-0.436373566357182	0	3550,50	108	51
-9.45	-8.55	-0.841070453304205	0	3550,50	110	52
-8.45	-7.55	-2.02785363189514	0	3550,50	111	52
-3.45	-2.55	-1.27471327143637	0	3550,50	116	56
-2.45	-1.55	-0.0906608410704533	0	3550,50	117	56
-1.45	-0.55	-0.718732932823594	0	3550,50	118	56
-0.45	0.45	-1.69470234844347	0	3550,50	119	56
0.55	1.45	-1.61004915346805	0	3550,50	120	56
1.55	2.45	-0.343528126706718	0	3550,50	121	56
-44.45	-43.55	-0.642818132168214	0	3600,50	125	59
-42.45	-41.55	-1.42108137629711	0	3600,50	127	60
-41.45	-40.55	-2.52430365920262	0	3600,50	128	60
-40.45	-39.55	-2.57728017476789	0	3600,50	129	60
-39.45	-38.55	-3.30202075368651	0	3600,50	130	60
-38.45	-37.55	-3.20371381758602	0	3600,50	131	60
-37.45	-36.55	-5.43855816493719	0	3600,50	132	60
-36.45	-35.55	-3.84871654833424	0	3600,50	133	60
-35.45	-34.55	-4.81485527034408	0	3600,50	134	60
-34.45	-33.55	-0.234298197706171	0	3600,50	135	60
-33.45	-32.55	0	0	3600,50	136	60
-32.45	-31.55	-4.74549426542873	0	3600,50	137	60
-31.45	-30.55	-3.52594210813763	0	3600,50	138	60
-29.45	-28.55	-0.407427635172037	0	3600,50	140	61
-28.45	-27.55	-1.33533588203168	0	3600,50	141	61
-26.45	-25.55	-0.164391043145822	0	3600,50	143	62
-25.45	-24.55	-0.291097760786456	0	3600,50	144	62
-24.45	-23.55	-0.0922992900054615	0	3600,50	145	62
-23.45	-22.55	-1.12889131622064	0	3600,50	146	62
-22.45	-21.55	-0.600764609503004	0	3600,50	147	62
-21.45	-20.55	-0.30802839978154	0	3600,50	148	62
-20.45	-19.55	-0.713271436373566	0	3600,50	149	62
-19.45	-18.55	-2.83233205898416	0	3600,50	150	62
-18.45	-17.55	-2.55707263790279	0	3600,50	151	62
-15.45	-14.55	-0.837793555434189	0	3600,50	154	64
-12.45	-11.55	-4.09120699071546	0	3600,50	157	66
-11.45	-10.55	-1.05461496450027	0	3600,50	158	66
-9.45	-8.55	-2.09885308574549	0	3600,50	159	66
-8.45	-7.55	-1.95630802839978	0	3600,50	160	66
-7.45	-6.55	-0.914800655379574	0	3600,50	161	66
-6.45	-5.55	-0.690333151283452	0	3600,50	162	66
-5.45	-4.55	-4.24467504096122	0	3600,50	163	66
-4.45	-3.55	-1.92900054614965	0	3600,50	164	66
-3.45	-2.55	-1.84216275259421	0	3600,50	165	66
-2.45	-1.55	-1.66739486619334	0	3600,50	166	66
-1.45	-0.55	-2.21245221190606	0	3600,50	167	66
-0.45	0.45	-0.0928454396504642	0	3600,50	168	66
4.55	5.45	-1.5598033861278	0	3600,50	173	70
-44.45	-43.55	-0.642818132168214	0	3600,100	175	71
-42.45	-41.55	-1.42108137629711	0	3600,100	177	72
-41.45	-40.55	-2.52430365920262	0	3600,100	178	72
-40.45	-39.55	-2.57728017476789	0	3600,100	179	72
-39.45	-38.55	-3.30202075368651	0	3600,100	180	72
-38.45	-37.55	-3.20371381758602	0	3600,100	181	72
-37.45	-36.55	-5.43855816493719	0	3600,100	182	72
-36.45	-35.55	-3.84871654833424	0	3600,100	183	72
-35.45	-34.55	-4.81485527034408	0	3600,100	184	72
-34.45	-33.55	-0.234298197706171	0	3600,100	185	72
-33.45	-32.55	0	0	3600,100	186	72
-32.45	-31.55	-4.74549426542873	0	3600,100	187	72
-31.45	-30.55	-3.52594210813763	0	3600,100	188	72
-29.45	-28.55	-0.407427635172037	0	3600,100	190	73
-28.45	-27.55	-1.33533588203168	0	3600,100	191	73
-26.45	-25.55	-0.164391043145822	0	3600,100	193	74
-25.45	-24.55	-0.291097760786456	0	3600,100	194	74
-24.45	-23.55	-0.0922992900054615	0	3600,100	195	74
-23.45	-22.55	-1.12889131622064	0	3600,100	196	74
-22.45	-21.55	-0.600764609503004	0	3600,100	197	74
-21.45	-20.55	-0.30802839978154	0	3600,100	198	74
-20.45	-19.55	-0.713271436373566	0	3600,100	199	74
-19.45	-18.55	-2.83233205898416	0	3600,100	200	74
-18.45	-17.55	-2.55707263790279	0	3600,100	201	74
-15.45	-14.55	-0.837793555434189	0	3600,100	204	76
-12.45	-11.55	-4.09120699071546	0	3600,100	207	78
-11.45	-10.55	-1.05461496450027	0	3600,100	208	78
-9.45	-8.55	-2.09885308574549	0	3600,100	209	78
-8.45	-7.55	-1.95630802839978	0	3600,100	210	78
-7.45	-6.55	-0.914800655379574	0	3600,100	211	78
-6.45	-5.55	-0.690333151283452	0	3600,100	212	78
-5.45	-4.55	-4.24467504096122	0	3600,100	213	78
-4.45	-3.55	-1.92900054614965	0	3600,100	214	78
-3.45	-2.55	-1.84216275259421	0	3600,100	215	78
-2.45	-1.55	-1.66739486619334	0	3600,100	216	78
-1.45	-0.55	-2.21245221190606	0	3600,100	217	78
-0.45	0.45	-0.0928454396504642	0	3600,100	218	78
4.55	5.45	-1.5598033861278	0	3600,100	223	82
-43.45	-42.55	-0.961769524849809	0	3650,100	225	83
-41.45	-40.55	-1.45494265428727	0	3650,100	227	84
-40.45	-39.55	-3.35281267067176	0	3650,100	228	84
-38.45	-37.55	-2.85800109229929	0	3650,100	230	85
-37.45	-36.55	-4.7607864554888	0	3650,100	231	85
-36.45	-35.55	-3.51774986346259	0	3650,100	232	85
-35.45	-34.55	-2.0191152375751	0	3650,100	233	85
-34.45	-33.55	-5.15619879847078	0	3650,100	234	85
-33.45	-32.55	-2.0589841616603	0	3650,100	235	85
-32.45	-31.55	-2.07700709994539	0	3650,100	236	85
-31.45	-30.55	-1.95084653194975	0	3650,100	237	85
-30.45	-29.55	-3.29109776078646	0	3650,100	238	85
-29.45	-28.55	-2.03440742763517	0	3650,100	239	85
-28.45	-27.55	-3.37738940469689	0	3650,100	240	85
-27.45	-26.55	-1.40578918623703	0	3650,100	241	85
-26.45	-25.55	-0.297105406881486	0	3650,100	242	85
-25.45	-24.55	-0.356635718186783	0	3650,100	243	85
-24.45	-23.55	-4.37465865647187	0	3650,100	244	85
-23.45	-22.55	-0.382850901146914	0	3650,100	245	85
-22.45	-21.55	-1.09011469142545	0	3650,100	246	85
-21.45	-20.55	-0.333697433096669	0	3650,100	247	85
-20.45	-19.55	-2.399235390497	0	3650,100	248	85
-19.45	-18.55	-2.37356635718187	0	3650,100	249	85
-18.45	-17.55	-2.58656471873293	0	3650,100	250	85
-17.45	-16.55	-4.40742763517204	0	3650,100	251	85
-16.45	-15.55	-1.0393227744402	0	3650,100	252	85
-15.45	-14.55	-0.422173675587111	0	3650,100	253	85
-14.45	-13.55	-0.532495903877662	0	3650,100	254	85
-9.45	-8.55	-0.312943746586565	0	3650,100	259	89
-6.45	-5.55	-3.96231567449481	0	3650,100	262	91
-5.45	-4.55	-2.47569634079738	0	3650,100	263	91
-4.45	-3.55	-1.12288367012561	0	3650,100	264	91
-1.45	-0.55	-0.0169306389950847	0	3650,100	267	93
-43.45	-42.55	-0.961769524849809	0	3650,150	274	99
-41.45	-40.55	-1.45494265428727	0	3650,150	276	100
-40.45	-39.55	-3.35281267067176	0	3650,150	277	100
-38.45	-37.55	-2.85800109229929	0	3650,150	279	101
-37.45	-36.55	-4.7607864554888	0	3650,150	280	101
-36.45	-35.55	-3.51774986346259	0	3650,150	281	101
-35.45	-34.55	-2.0191152375751	0	3650,150	282	101
-34.45	-33.55	-5.15619879847078	0	3650,150	283	101
-33.45	-32.55	-2.0589841616603	0	3650,150	284	101
-32.45	-31.55	-2.07700709994539	0	3650,150	285	101
-31.45	-30.55	-1.95084653194975	0	3650,150	286	101
-30.45	-29.55	-3.29109776078646	0	3650,150	287	101
-29.45	-28.55	-2.03440742763517	0	3650,150	288	101
-28.45	-27.55	-3.37738940469689	0	3650,150	289	101
-27.45	-26.55	-1.40578918623703	0	3650,150	290	101
-26.45	-25.55	-0.297105406881486	0	3650,150	291	101
-25.45	-24.55	-0.356635718186783	0	3650,150	292	101
-24.45	-23.55	-4.37465865647187	0	3650,150	293	101
-23.45	-22.55	-0.382850901146914	0	3650,150	294	101
-22.45	-21.55	-1.09011469142545	0	3650,150	295	101
-21.45	-20.55	-0.333697433096669	0	3650,150	296	101
-20.45	-19.55	-2.399235390497	0	3650,150	297	101
-19.45	-18.55	-2.37356635718187	0	3650,150	298	101
-18.45	-17.55	-2.58656471873293	0	3650,150	299	101
-17.45	-16.55	-4.40742763517204	0	3650,150	300	101
-16.45	-15.55	-1.0393227744402	0	3650,150	301	101
-15.45	-14.55	-0.422173675587111	0	3650,150	302	101
-14.45	-13.55	-0.532495903877662	0	3650,150	303	101
-9.45	-8.55	-0.312943746586565	0	3650,150	308	105
-6.45	-5.55	-3.96231567449481	0	3650,150	311	107
-5.45	-4.55	-2.47569634079738	0	3650,150	312	107
-4.45	-3.55	-1.12288367012561	0	3650,150	313	107
-1.45	-0.55	-0.0169306389950847	0	3650,150	316	109
-45.45	-44.55	-0.174767886400874	0	3700,150	322	114
-43.45	-42.55	-1.38339705079192	0	3700,150	324	115
-42.45	-41.55	-0.598580010922993	0	3700,150	325	115
-39.45	-38.55	-0.186237028945931	0	3700,150	328	117
-36.45	-35.55	-5.17749863462589	0	3700,150	331	119
-35.45	-34.55	-5.26597487711633	0	3700,150	332	119
-34.45	-33.55	-0.152921900600765	0	3700,150	333	119
-29.45	-28.55	-0.0775532495903878	0	3700,150	338	123
-23.45	-22.55	-0.495357728017477	0	3700,150	344	128
-22.45	-21.55	-2.11687602403058	0	3700,150	345	128
-21.45	-20.55	-0.326597487711633	0	3700,150	346	128
-17.45	-16.55	-0.971054068814855	0	3700,150	350	131
-16.45	-15.55	-1.3194975423266	0	3700,150	351	131
-15.45	-14.55	-1.95849262697979	0	3700,150	352	131
-14.45	-13.55	-5.04751501911524	0	3700,150	353	131
-13.45	-12.55	-2.30693610049154	0	3700,150	354	131
-12.45	-11.55	-0.547241944292736	0	3700,150	355	131
-11.45	-10.55	-0.563080283997815	0	3700,150	356	131
-9.45	-8.55	-1.50791916985254	0	3700,150	358	132
-8.45	-7.55	-2.04314582195522	0	3700,150	359	132
-7.45	-6.55	-1.99290005461496	0	3700,150	360	132
-6.45	-5.55	-1.09011469142545	0	3700,150	361	132
-5.45	-4.55	-4.17422173675587	0	3700,150	362	132
-4.45	-3.55	-4.06663025669033	0	3700,150	363	132
-3.45	-2.55	-0.976515565264883	0	3700,150	364	132
-1.45	-0.55	-0.245767340251229	0	3700,150	366	133
-0.45	0.45	-1.87220098306936	0	3700,150	367	133
0.55	1.45	-2.81321682140907	0	3700,150	368	133
1.55	2.45	-0.181867831785909	0	3700,150	369	133
2.55	3.45	-0.328782086291644	0	3700,150	370	133
3.55	4.45	-2.68651010376843	0	3700,150	371	133
4.55	5.45	-1.78700163844894	0	3700,150	372	133
-45.45	-44.55	-0.174767886400874	0	3700,200	373	133
-43.45	-42.55	-1.38339705079192	0	3700,200	375	134
-42.45	-41.55	-0.598580010922993	0	3700,200	376	134
-39.45	-38.55	-0.186237028945931	0	3700,200	379	136
-36.45	-35.55	-5.17749863462589	0	3700,200	382	138
-35.45	-34.55	-5.26597487711633	0	3700,200	383	138
-34.45	-33.55	-0.152921900600765	0	3700,200	384	138
-29.45	-28.55	-0.0775532495903878	0	3700,200	389	142
-23.45	-22.55	-0.495357728017477	0	3700,200	395	147
-22.45	-21.55	-2.11687602403058	0	3700,200	396	147
-21.45	-20.55	-0.326597487711633	0	3700,200	397	147
-17.45	-16.55	-0.971054068814855	0	3700,200	401	150
-16.45	-15.55	-1.3194975423266	0	3700,200	402	150
-15.45	-14.55	-1.95849262697979	0	3700,200	403	150
-14.45	-13.55	-5.04751501911524	0	3700,200	404	150
-13.45	-12.55	-2.30693610049154	0	3700,200	405	150
-12.45	-11.55	-0.547241944292736	0	3700,200	406	150
-11.45	-10.55	-0.563080283997815	0	3700,200	407	150
-9.45	-8.55	-1.50791916985254	0	3700,200	409	151
-8.45	-7.55	-2.04314582195522	0	3700,200	410	151
-7.45	-6.55	-1.99290005461496	0	3700,200	411	151
-6.45	-5.55	-1.09011469142545	0	3700,200	412	151
-5.45	-4.55	-4.17422173675587	0	3700,200	413	151
-4.45	-3.55	-4.06663025669033	0	3700,200	414	151
-3.45	-2.55	-0.976515565264883	0	3700,200	415	151
-1.45	-0.55	-0.245767340251229	0	3700,200	417	152
-0.45	0.45	-1.87220098306936	0	3700,200	418	152
0.55	1.45	-2.81321682140907	0	3700,200	419	152
1.55	2.45	-0.181867831785909	0	3700,200	420	152
2.55	3.45	-0.328782086291644	0	3700,200	421	152
3.55	4.45	-2.68651010376843	0	3700,200	422	152
4.55	5.45	-1.78700163844894	0	3700,200	423	152
-44.45	-43.55	-0.167121791370836	0	3750,200	424	152
-43.45	-42.55	-0.0983069361004915	0	3750,200	425	152
-42.45	-41.55	-2.03768432550519	0	3750,200	426	152
-40.45	-39.55	-0.66794101583834	0	3750,200	428	153
-38.45	-37.55	-0.138722009830694	0	3750,200	430	154
-37.45	-36.55	-4.44347351174222	0	3750,200	431	154
-36.45	-35.55	-4.85636264336428	0	3750,200	432	154
-35.45	-34.55	-2.28563626433643	0	3750,200	433	154
-34.45	-33.55	-0.510649918077553	0	3750,200	434	154
-33.45	-32.55	-0.196613872200983	0	3750,200	435	154
-32.45	-31.55	-2.69524849808848	0	3750,200	436	154
-31.45	-30.55	-5.95303113052977	0	3750,200	437	154
-30.45	-29.55	-7.03276897870016	0	3750,200	438	154
-29.45	-28.55	-0.0404150737302021	0	3750,200	439	154
-28.45	-27.55	-2.84325505188422	0	3750,200	440	154
-27.45	-26.55	-0.529219006007646	0	3750,200	441	154
-26.45	-25.55	-1.21081376297105	0	3750,200	442	154
-25.45	-24.55	-0.877662479519388	0	3750,200	443	154
-24.45	-23.55	-1.59858001092299	0	3750,200	444	154
-23.45	-22.55	-1.42708902239214	0	3750,200	445	154
-22.45	-21.55	-1.28345166575642	0	3750,200	446	154
-21.45	-20.55	-2.3200436919716	0	3750,200	447	154
-20.45	-19.55	-2.92463134898962	0	3750,200	448	154
-19.45	-18.55	-8.16275259421081	0	3750,200	449	154
-18.45	-17.55	-9.52211906062261	0	3750,200	450	154
-17.45	-16.55	-5.25341343528127	0	3750,200	451	154
-16.45	-15.55	-8.67067176406335	0	3750,200	452	154
-15.45	-14.55	-1.22228290551611	0	3750,200	453	154
-14.45	-13.55	-8.12725286728564	0	3750,200	454	154
-13.45	-12.55	-7.68377935554342	0	3750,200	455	154
-12.45	-11.55	-10	0	3750,200	456	154
-11.45	-10.55	-3.15619879847078	0	3750,200	457	154
-10.45	-9.55	-5.99071545603495	0	3750,200	458	154
-9.45	-8.55	-0.742217367558711	0	3750,200	459	154
-8.45	-7.55	-1.07864554888039	0	3750,200	460	154
-7.45	-6.55	-3.6193336974331	0	3750,200	461	154
-6.45	-5.55	-3.73347897323867	0	3750,200	462	154
-5.45	-4.55	-1.51720371381759	0	3750,200	463	154
-4.45	-3.55	-1.13708356089569	0	3750,200	464	154
-3.45	-2.55	-3.41561987984708	0	3750,200	465	154
-2.45	-1.55	-1.21845985800109	0	3750,200	466	154
-1.45	-0.55	-1.16821409066084	0	3750,200	467	154
-0.45	0.45	-0.181321682140907	0	3750,200	468	154
2.55	3.45	-0.384489350081922	0	3750,200	471	156
3.55	4.45	-0.1600218459858	0	3750,200	472	156
-44.45	-43.55	-0.167121791370836	0	3750,250	473	156
-43.45	-42.55	-0.0983069361004915	0	3750,250	474	156
-42.45	-41.55	-2.03768432550519	0	3750,250	475	156
-40.45	-39.55	-0.66794101583834	0	3750,250	477	157
-38.45	-37.55	-0.138722009830694	0	3750,250	479	158
-37.45	-36.55	-4.44347351174222	0	3750,250	480	158
-36.45	-35.55	-4.85636264336428	0	3750,250	481	158
-35.45	-34.55	-2.28563626433643	0	3750,250	482	158
-34.45	-33.55	-0.510649918077553	0	3750,250	483	158
-33.45	-32.55	-0.196613872200983	0	3750,250	484	158
-32.45	-31.55	-2.69524849808848	0	3750,250	485	158
-31.45	-30.55	-5.95303113052977	0	3750,250	486	158
-30.45	-29.55	-7.03276897870016	0	3750,250	487	158
-29.45	-28.55	-0.0404150737302021	0	3750,250	488	158
-28.45	-27.55	-2.84325505188422	0	3750,250	489	158
-27.45	-26.55	-0.529219006007646	0	3750,250	490	158
-26.45	-25.55	-1.21081376297105	0	3750,250	491	158
-25.45	-24.55	-0.877662479519388	0	3750,250	492	158
-24.45	-23.55	-1.59858001092299	0	3750,250	493	158
-23.45	-22.55	-1.42708902239214	0	3750,250	494	158
-22.45	-21.55	-1.28345166575642	0	3750,250	495	158
-21.45	-20.55	-2.3200436919716	0	3750,250	496	158
-20.45	-19.55	-2.92463134898962	0	3750,250	497	158
-19.45	-18.55	-8.16275259421081	0	3750,250	498	158
-18.45	-17.55	-9.52211906062261	0	3750,250	499	158
-17.45	-16.55	-5.25341343528127	0	3750,250	500	158
-16.45	-15.55	-8.67067176406335	0	3750,250	501	158
-15.45	-14.55	-1.22228290551611	0	3750,250	502	158
-14.45	-13.55	-8.12725286728564	0	3750,250	503	158
-13.45	-12.55	-7.68377935554342	0	3750,250	504	158
-12.45	-11.55	-10	0	3750,250	505	158
-11.45	-10.55	-3.15619879847078	0	3750,250	506	158
-10.45	-9.55	-5.99071545603495	0	3750,250	507	158
-9.45	-8.55	-0.742217367558711	0	3750,250	508	158
-8.45	-7.55	-1.07864554888039	0	3750,250	509	158
-7.45	-6.55	-3.6193336974331	0	3750,250	510	158
-6.45	-5.55	-3.73347897323867	0	3750,250	511	158
-5.45	-4.55	-1.51720371381759	0	3750,250	512	158
-4.45	-3.55	-1.13708356089569	0	3750,250	513	158
-3.45	-2.55	-3.41561987984708	0	3750,250	514	158
-2.45	-1.55	-1.21845985800109	0	3750,250	515	158
-1.45	-0.55	-1.16821409066084	0	3750,250	516	158
-0.45	0.45	-0.181321682140907	0	3750,250	517	158
2.55	3.45	-0.384489350081922	0	3750,250	520	160
3.55	4.45	-0.1600218459858	0	3750,250	521	160
-45.45	-44.55	-0.40797378481704	0	3800,250	522	160
-44.45	-43.55	-1.08629164391043	0	3800,250	523	160
-43.45	-42.55	-2.41452758055707	0	3800,250	524	160
-42.45	-41.55	-0.55598033861278	0	3800,250	525	160
-41.45	-40.55	-1.02894593118514	0	3800,250	526	160
-40.45	-39.55	-1.3599126160568	0	3800,250	527	160
-39.45	-38.55	-1.83014746040415	0	3800,250	528	160
-38.45	-37.55	-2.62807209175314	0	3800,250	529	160
-37.45	-36.55	-2.18896777717094	0	3800,250	530	160
-36.45	-35.55	-0.962861824139814	0	3800,250	531	160
-35.45	-34.55	-3.15182960131076	0	3800,250	532	160
-34.45	-33.55	-1.89077007099945	0	3800,250	533	160
-33.45	-32.55	-0.574549426542873	0	3800,250	534	160
-31.45	-30.55	-0.867285636264337	0	3800,250	536	161
-30.45	-29.55	-0.792463134898962	0	3800,250	537	161
-29.45	-28.55	-1.08356089568542	0	3800,250	538	161
-27.45	-26.55	-3.36755871108684	0	3800,250	540	162
-26.45	-25.55	-3.24685963954123	0	3800,250	541	162
-25.45	-24.55	-3.43364281813217	0	3800,250	542	162
-24.45	-23.55	-4.5598033861278	0	3800,250	543	162
-23.45	-22.55	-1.30802839978154	0	3800,250	544	162
-22.45	-21.55	-4.88858547241944	0	3800,250	545	162
-21.45	-20.55	-6.32932823593665	0	3800,250	546	162
-20.45	-19.55	-1.81540141998908	0	3800,250	547	162
-19.45	-18.55	-1.26870562534134	0	3800,250	548	162
-18.45	-17.55	-3.98361551064992	0	3800,250	549	162
-17.45	-16.55	-1.75314036045877	0	3800,250	550	162
-16.45	-15.55	-5.91753140360459	0	3800,250	551	162
-15.45	-14.55	-1.78481703986892	0	3800,250	552	162
-14.45	-13.55	-3.11141452758056	0	3800,250	553	162
-13.45	-12.55	-2.80775532495904	0	3800,250	554	162
-12.45	-11.55	-2.34352812670672	0	3800,250	555	162
-11.45	-10.55	-6.09120699071546	0	3800,250	556	162
-10.45	-9.55	-3.98962315674495	0	3800,250	557	162
-9.45	-8.55	-0.962861824139814	0	3800,250	558	162
-8.45	-7.55	-0.101037684325505	0	3800,250	559	162
-7.45	-6.55	-8.4396504642272	0	3800,250	560	162
-6.45	-5.55	-1.81594756963408	0	3800,250	561	162
-5.45	-4.55	-1.8798470780994	0	3800,250	562	162
-4.45	-3.55	-0.028399781540142	0	3800,250	563	162
-3.45	-2.55	-1.30638995084653	0	3800,250	564	162
-2.45	-1.55	-0.406335335882032	0	3800,250	565	162
-1.45	-0.55	-1.33697433096668	0	3800,250	566	162
0.55	1.45	-0.145821955215729	0	3800,250	568	163
1.55	2.45	-0.447842708902239	0	3800,250	569	163
2.55	3.45	-0.361551064991808	0	3800,250	570	163
3.55	4.45	-3.38339705079192	0	3800,250	571	163
4.55	5.45	-5.14746040415074	0	3800,250	572	163
-45.45	-44.55	-0.40797378481704	0	3800,300	573	163
-44.45	-43.55	-1.08629164391043	0	3800,300	574	163
-43.45	-42.55	-2.41452758055707	0	3800,300	575	163
-42.45	-41.55	-0.55598033861278	0	3800,300	576	163
-41.45	-40.55	-1.02894593118514	0	3800,300	577	163
-40.45	-39.55	-1.3599126160568	0	3800,300	578	163
-39.45	-38.55	-1.83014746040415	0	3800,300	579	163
-38.45	-37.55	-2.62807209175314	0	3800,300	580	163
-37.45	-36.55	-2.18896777717094	0	3800,300	581	163
-36.45	-35.55	-0.962861824139814	0	3800,300	582	163
-35.45	-34.55	-3.15182960131076	0	3800,300	583	163
-34.45	-33.55	-1.89077007099945	0	3800,300	584	163
-33.45	-32.55	-0.574549426542873	0	3800,300	585	163
-31.45	-30.55	-0.867285636264337	0	3800,300	587	164
-30.45	-29.55	-0.792463134898962	0	3800,300	588	164
-29.45	-28.55	-1.08356089568542	0	3800,300	589	164
-27.45	-26.55	-3.36755871108684	0	3800,300	591	165
-26.45	-25.55	-3.24685963954123	0	3800,300	592	165
-25.45	-24.55	-3.43364281813217	0	3800,300	593	165
-24.45	-23.55	-4.5598033861278	0	3800,300	594	165
-23.45	-22.55	-1.30802839978154	0	3800,300	595	165
-22.45	-21.55	-4.88858547241944	0	3800,300	596	165
-21.45	-20.55	-6.32932823593665	0	3800,300	597	165
-20.45	-19.55	-1.81540141998908	0	3800,300	598	165
-19.45	-18.55	-1.26870562534134	0	3800,300	599	165
-18.45	-17.55	-3.98361551064992	0	3800,300	600	165
-17.45	-16.55	-1.75314036045877	0	3800,300	601	165
-16.45	-15.55	-5.91753140360459	0	3800,300	602	165
-15.45	-14.55	-1.78481703986892	0	3800,300	603	165
-14.45	-13.55	-3.11141452758056	0	3800,300	604	165
-13.45	-12.55	-2.80775532495904	0	3800,300	605	165
-12.45	-11.55	-2.34352812670672	0	3800,300	606	165
-11.45	-10.55	-6.09120699071546	0	3800,300	607	165
-10.45	-9.55	-3.98962315674495	0	3800,300	608	165
-9.45	-8.55	-0.962861824139814	0	3800,300	609	165
-8.45	-7.55	-0.101037684325505	0	3800,300	610	165
-7.45	-6.55	-8.4396504642272	0	3800,300	611	165
-6.45	-5.55	-1.81594756963408	0	3800,300	612	165
-5.45	-4.55	-1.8798470780994	0	3800,300	613	165
-4.45	-3.55	-0.028399781540142	0	3800,300	614	165
-3.45	-2.55	-1.30638995084653	0	3800,300	615	165
-2.45	-1.55	-0.406335335882032	0	3800,300	616	165
-1.45	-0.55	-1.33697433096668	0	3800,300	617	165
0.55	1.45	-0.145821955215729	0	3800,300	619	166
1.55	2.45	-0.447842708902239	0	3800,300	620	166
2.55	3.45	-0.361551064991808	0	3800,300	621	166
3.55	4.45	-3.38339705079192	0	3800,300	622	166
4.55	5.45	-5.14746040415074	0	3800,300	623	166
-44.45	-43.55	-0.642818132168214	0	3600,0	625	167
-42.45	-41.55	-1.42108137629711	0	3600,0	627	168
-41.45	-40.55	-2.52430365920262	0	3600,0	628	168
-40.45	-39.55	-2.57728017476789	0	3600,0	629	168
-39.45	-38.55	-3.30202075368651	0	3600,0	630	168
-38.45	-37.55	-3.20371381758602	0	3600,0	631	168
-37.45	-36.55	-5.43855816493719	0	3600,0	632	168
-36.45	-35.55	-3.84871654833424	0	3600,0	633	168
-35.45	-34.55	-4.81485527034408	0	3600,0	634	168
-34.45	-33.55	-0.234298197706171	0	3600,0	635	168
-33.45	-32.55	0	0	3600,0	636	168
-32.45	-31.55	-4.74549426542873	0	3600,0	637	168
-31.45	-30.55	-3.52594210813763	0	3600,0	638	168
-29.45	-28.55	-0.407427635172037	0	3600,0	640	169
-28.45	-27.55	-1.33533588203168	0	3600,0	641	169
-26.45	-25.55	-0.164391043145822	0	3600,0	643	170
-25.45	-24.55	-0.291097760786456	0	3600,0	644	170
-24.45	-23.55	-0.0922992900054615	0	3600,0	645	170
-23.45	-22.55	-1.12889131622064	0	3600,0	646	170
-22.45	-21.55	-0.600764609503004	0	3600,0	647	170
-21.45	-20.55	-0.30802839978154	0	3600,0	648	170
-20.45	-19.55	-0.713271436373566	0	3600,0	649	170
-19.45	-18.55	-2.83233205898416	0	3600,0	650	170
-18.45	-17.55	-2.55707263790279	0	3600,0	651	170
-15.45	-14.55	-0.837793555434189	0	3600,0	654	172
-12.45	-11.55	-4.09120699071546	0	3600,0	657	174
-11.45	-10.55	-1.05461496450027	0	3600,0	658	174
-9.45	-8.55	-2.09885308574549	0	3600,0	659	174
-8.45	-7.55	-1.95630802839978	0	3600,0	660	174
-7.45	-6.55	-0.914800655379574	0	3600,0	661	174
-6.45	-5.55	-0.690333151283452	0	3600,0	662	174
-5.45	-4.55	-4.24467504096122	0	3600,0	663	174
-4.45	-3.55	-1.92900054614965	0	3600,0	664	174
-3.45	-2.55	-1.84216275259421	0	3600,0	665	174
-2.45	-1.55	-1.66739486619334	0	3600,0	666	174
-1.45	-0.55	-2.21245221190606	0	3600,0	667	174
-0.45	0.45	-0.0928454396504642	0	3600,0	668	174
4.55	5.45	-1.5598033861278	0	3600,0	673	178
-45.45	-44.55	-0.174767886400874	0	3700,100	674	178
-43.45	-42.55	-1.38339705079192	0	3700,100	676	179
-42.45	-41.55	-0.598580010922993	0	3700,100	677	179
-39.45	-38.55	-0.186237028945931	0	3700,100	680	181
-36.45	-35.55	-5.17749863462589	0	3700,100	683	183
-35.45	-34.55	-5.26597487711633	0	3700,100	684	183
-34.45	-33.55	-0.152921900600765	0	3700,100	685	183
-29.45	-28.55	-0.0775532495903878	0	3700,100	690	187
-23.45	-22.55	-0.495357728017477	0	3700,100	696	192
-22.45	-21.55	-2.11687602403058	0	3700,100	697	192
-21.45	-20.55	-0.326597487711633	0	3700,100	698	192
-17.45	-16.55	-0.971054068814855	0	3700,100	702	195
-16.45	-15.55	-1.3194975423266	0	3700,100	703	195
-15.45	-14.55	-1.95849262697979	0	3700,100	704	195
-14.45	-13.55	-5.04751501911524	0	3700,100	705	195
-13.45	-12.55	-2.30693610049154	0	3700,100	706	195
-12.45	-11.55	-0.547241944292736	0	3700,100	707	195
-11.45	-10.55	-0.563080283997815	0	3700,100	708	195
-9.45	-8.55	-1.50791916985254	0	3700,100	710	196
-8.45	-7.55	-2.04314582195522	0	3700,100	711	196
-7.45	-6.55	-1.99290005461496	0	3700,100	712	196
-6.45	-5.55	-1.09011469142545	0	3700,100	713	196
-5.45	-4.55	-4.17422173675587	0	3700,100	714	196
-4.45	-3.55	-4.06663025669033	0	3700,100	715	196
-3.45	-2.55	-0.976515565264883	0	3700,100	716	196
-1.45	-0.55	-0.245767340251229	0	3700,100	718	197
-0.45	0.45	-1.87220098306936	0	3700,100	719	197
0.55	1.45	-2.81321682140907	0	3700,100	720	197
1.55	2.45	-0.181867831785909	0	3700,100	721	197
2.55	3.45	-0.328782086291644	0	3700,100	722	197
3.55	4.45	-2.68651010376843	0	3700,100	723	197
4.55	5.45	-1.78700163844894	0	3700,100	724	197
-45.45	-44.55	-0.40797378481704	0	3800,200	725	197
-44.45	-43.55	-1.08629164391043	0	3800,200	726	197
-43.45	-42.55	-2.41452758055707	0	3800,200	727	197
-42.45	-41.55	-0.55598033861278	0	3800,200	728	197
-41.45	-40.55	-1.02894593118514	0	3800,200	729	197
-40.45	-39.55	-1.3599126160568	0	3800,200	730	197
-39.45	-38.55	-1.83014746040415	0	3800,200	731	197
-38.45	-37.55	-2.62807209175314	0	3800,200	732	197
-37.45	-36.55	-2.18896777717094	0	3800,200	733	197
-36.45	-35.55	-0.962861824139814	0	3800,200	734	197
-35.45	-34.55	-3.15182960131076	0	3800,200	735	197
-34.45	-33.55	-1.89077007099945	0	3800,200	736	197
-33.45	-32.55	-0.574549426542873	0	3800,200	737	197
-31.45	-30.55	-0.867285636264337	0	3800,200	739	198
-30.45	-29.55	-0.792463134898962	0	3800,200	740	198
-29.45	-28.55	-1.08356089568542	0	3800,200	741	198
-27.45	-26.55	-3.36755871108684	0	3800,200	743	199
-26.45	-25.55	-3.24685963954123	0	3800,200	744	199
-25.45	-24.55	-3.43364281813217	0	3800,200	745	199
-24.45	-23.55	-4.5598033861278	0	3800,200	746	199
-23.45	-22.55	-1.30802839978154	0	3800,200	747	199
-22.45	-21.55	-4.88858547241944	0	3800,200	748	199
-21.45	-20.55	-6.32932823593665	0	3800,200	749	199
-20.45	-19.55	-1.81540141998908	0	3800,200	750	199
-19.45	-18.55	-1.26870562534134	0	3800,200	751	199
-18.45	-17.55	-3.98361551064992	0	3800,200	752	199
-17.45	-16.55	-1.75314036045877	0	3800,200	753	199
-16.45	-15.55	-5.91753140360459	0	3800,200	754	199
-15.45	-14.55	-1.78481703986892	0	3800,200	755	199
-14.45	-13.55	-3.11141452758056	0	3800,200	756	199
-13.45	-12.55	-2.80775532495904	0	3800,200	757	199
-12.45	-11.55	-2.34352812670672	0	3800,200	758	199
-11.45	-10.55	-6.09120699071546	0	3800,200	759	199
-10.45	-9.55	-3.98962315674495	0	3800,200	760	199
-9.45	-8.55	-0.962861824139814	0	3800,200	761	199
-8.45	-7.55	-0.101037684325505	0	3800,200	762	199
-7.45	-6.55	-8.4396504642272	0	3800,200	763	199
-6.45	-5.55	-1.81594756963408	0	3800,200	764	199
-5.45	-4.55	-1.8798470780994	0	3800,200	765	199
-4.45	-3.55	-0.028399781540142	0	3800,200	766	199
-3.45	-2.55	-1.30638995084653	0	3800,200	767	199
-2.45	-1.55	-0.406335335882032	0	3800,200	768	199
-1.45	-0.55	-1.33697433096668	0	3800,200	769	199
0.55	1.45	-0.145821955215729	0	3800,200	771	200
1.55	2.45	-0.447842708902239	0	3800,200	772	200
2.55	3.45	-0.361551064991808	0	3800,200	773	200
3.55	4.45	-3.38339705079192	0	3800,200	774	200
4.55	5.45	-5.14746040415074	0	3800,200	775	200
-43.45	-42.55	-0.961769524849809	0	3650,50	777	201
-41.45	-40.55	-1.45494265428727	0	3650,50	779	202
-40.45	-39.55	-3.35281267067176	0	3650,50	780	202
-38.45	-37.55	-2.85800109229929	0	3650,50	782	203
-37.45	-36.55	-4.7607864554888	0	3650,50	783	203
-36.45	-35.55	-3.51774986346259	0	3650,50	784	203
-35.45	-34.55	-2.0191152375751	0	3650,50	785	203
-34.45	-33.55	-5.15619879847078	0	3650,50	786	203
-33.45	-32.55	-2.0589841616603	0	3650,50	787	203
-32.45	-31.55	-2.07700709994539	0	3650,50	788	203
-31.45	-30.55	-1.95084653194975	0	3650,50	789	203
-30.45	-29.55	-3.29109776078646	0	3650,50	790	203
-29.45	-28.55	-2.03440742763517	0	3650,50	791	203
-28.45	-27.55	-3.37738940469689	0	3650,50	792	203
-27.45	-26.55	-1.40578918623703	0	3650,50	793	203
-26.45	-25.55	-0.297105406881486	0	3650,50	794	203
-25.45	-24.55	-0.356635718186783	0	3650,50	795	203
-24.45	-23.55	-4.37465865647187	0	3650,50	796	203
-23.45	-22.55	-0.382850901146914	0	3650,50	797	203
-22.45	-21.55	-1.09011469142545	0	3650,50	798	203
-21.45	-20.55	-0.333697433096669	0	3650,50	799	203
-20.45	-19.55	-2.399235390497	0	3650,50	800	203
-19.45	-18.55	-2.37356635718187	0	3650,50	801	203
-18.45	-17.55	-2.58656471873293	0	3650,50	802	203
-17.45	-16.55	-4.40742763517204	0	3650,50	803	203
-16.45	-15.55	-1.0393227744402	0	3650,50	804	203
-15.45	-14.55	-0.422173675587111	0	3650,50	805	203
-14.45	-13.55	-0.532495903877662	0	3650,50	806	203
-9.45	-8.55	-0.312943746586565	0	3650,50	811	207
-6.45	-5.55	-3.96231567449481	0	3650,50	814	209
-5.45	-4.55	-2.47569634079738	0	3650,50	815	209
-4.45	-3.55	-1.12288367012561	0	3650,50	816	209
-1.45	-0.55	-0.0169306389950847	0	3650,50	819	211
-44.45	-43.55	-0.167121791370836	0	3750,150	825	216
-43.45	-42.55	-0.0983069361004915	0	3750,150	826	216
-42.45	-41.55	-2.03768432550519	0	3750,150	827	216
-40.45	-39.55	-0.66794101583834	0	3750,150	829	217
-38.45	-37.55	-0.138722009830694	0	3750,150	831	218
-37.45	-36.55	-4.44347351174222	0	3750,150	832	218
-36.45	-35.55	-4.85636264336428	0	3750,150	833	218
-35.45	-34.55	-2.28563626433643	0	3750,150	834	218
-34.45	-33.55	-0.510649918077553	0	3750,150	835	218
-33.45	-32.55	-0.196613872200983	0	3750,150	836	218
-32.45	-31.55	-2.69524849808848	0	3750,150	837	218
-31.45	-30.55	-5.95303113052977	0	3750,150	838	218
-30.45	-29.55	-7.03276897870016	0	3750,150	839	218
-29.45	-28.55	-0.0404150737302021	0	3750,150	840	218
-28.45	-27.55	-2.84325505188422	0	3750,150	841	218
-27.45	-26.55	-0.529219006007646	0	3750,150	842	218
-26.45	-25.55	-1.21081376297105	0	3750,150	843	218
-25.45	-24.55	-0.877662479519388	0	3750,150	844	218
-24.45	-23.55	-1.59858001092299	0	3750,150	845	218
-23.45	-22.55	-1.42708902239214	0	3750,150	846	218
-22.45	-21.55	-1.28345166575642	0	3750,150	847	218
-21.45	-20.55	-2.3200436919716	0	3750,150	848	218
-20.45	-19.55	-2.92463134898962	0	3750,150	849	218
-19.45	-18.55	-8.16275259421081	0	3750,150	850	218
-18.45	-17.55	-9.52211906062261	0	3750,150	851	218
-17.45	-16.55	-5.25341343528127	0	3750,150	852	218
-16.45	-15.55	-8.67067176406335	0	3750,150	853	218
-15.45	-14.55	-1.22228290551611	0	3750,150	854	218
-14.45	-13.55	-8.12725286728564	0	3750,150	855	218
-13.45	-12.55	-7.68377935554342	0	3750,150	856	218
-12.45	-11.55	-10	0	3750,150	857	218
-11.45	-10.55	-3.15619879847078	0	3750,150	858	218
-10.45	-9.55	-5.99071545603495	0	3750,150	859	218
-9.45	-8.55	-0.742217367558711	0	3750,150	860	218
-8.45	-7.55	-1.07864554888039	0	3750,150	861	218
-7.45	-6.55	-3.6193336974331	0	3750,150	862	218
-6.45	-5.55	-3.73347897323867	0	3750,150	863	218
-5.45	-4.55	-1.51720371381759	0	3750,150	864	218
-4.45	-3.55	-1.13708356089569	0	3750,150	865	218
-3.45	-2.55	-3.41561987984708	0	3750,150	866	218
-2.45	-1.55	-1.21845985800109	0	3750,150	867	218
-1.45	-0.55	-1.16821409066084	0	3750,150	868	218
-0.45	0.45	-0.181321682140907	0	3750,150	869	218
2.55	3.45	-0.384489350081922	0	3750,150	872	220
3.55	4.45	-0.1600218459858	0	3750,150	873	220
-44.45	-43.55	-3.20480611687602	0	3850,250	874	220
-43.45	-42.55	-3.2594210813763	0	3850,250	875	220
-42.45	-41.55	-5.25341343528127	0	3850,250	876	220
-41.45	-40.55	-0.56198798470781	0	3850,250	877	220
-40.45	-39.55	-3.97542326597488	0	3850,250	878	220
-39.45	-38.55	-5.83833970507919	0	3850,250	879	220
-38.45	-37.55	-1.62588749317313	0	3850,250	880	220
-34.45	-33.55	-0.0841070453304205	0	3850,250	884	223
-32.45	-31.55	-0.0404150737302021	0	3850,250	886	224
-31.45	-30.55	-1.08301474604042	0	3850,250	887	224
-30.45	-29.55	-0.749317312943747	0	3850,250	888	224
-28.45	-27.55	-0.714909885308575	0	3850,250	890	225
-27.45	-26.55	-2.52921900600765	0	3850,250	891	225
-26.45	-25.55	-1.27525942108138	0	3850,250	892	225
-25.45	-24.55	-4.73293282359366	0	3850,250	893	225
-24.45	-23.55	-1.20917531403605	0	3850,250	894	225
-23.45	-22.55	-0.034407427635172	0	3850,250	895	225
-20.45	-19.55	-0.064991807755325	0	3850,250	898	227
-19.45	-18.55	-4.75805570726379	0	3850,250	899	227
-18.45	-17.55	-0.331512834516658	0	3850,250	900	227
-17.45	-16.55	-3.02730748225014	0	3850,250	901	227
-16.45	-15.55	-1.56526488257783	0	3850,250	902	227
-15.45	-14.55	-0.0169306389950847	0	3850,250	903	227
-14.45	-13.55	-3.72910977607865	0	3850,250	904	227
-13.45	-12.55	-4.01638448935008	0	3850,250	905	227
-12.45	-11.55	-2.49044238121245	0	3850,250	906	227
-11.45	-10.55	-0.0584380120152922	0	3850,250	907	227
-10.45	-9.55	-2.67012561441835	0	3850,250	908	227
-8.45	-7.55	-0.386673948661933	0	3850,250	910	228
-7.45	-6.55	-1.69634079737848	0	3850,250	911	228
-4.45	-3.55	-0.211359912616057	0	3850,250	914	230
-3.45	-2.55	-1.07591480065538	0	3850,250	915	230
-1.45	-0.55	-0.704533042053523	0	3850,250	917	231
-0.45	0.45	-0.177498634625888	0	3850,250	918	231
0.55	1.45	-1.68924085199345	0	3850,250	919	231
1.55	2.45	-0.119060622610595	0	3850,250	920	231
2.55	3.45	-1.77061714909885	0	3850,250	921	231
3.55	4.45	-2.5199344620426	0	3850,250	922	231
-43.45	-42.55	-0.961769524849809	0	3650,0	924	232
-41.45	-40.55	-1.45494265428727	0	3650,0	926	233
-40.45	-39.55	-3.35281267067176	0	3650,0	927	233
-38.45	-37.55	-2.85800109229929	0	3650,0	929	234
-37.45	-36.55	-4.7607864554888	0	3650,0	930	234
-36.45	-35.55	-3.51774986346259	0	3650,0	931	234
-35.45	-34.55	-2.0191152375751	0	3650,0	932	234
-34.45	-33.55	-5.15619879847078	0	3650,0	933	234
-33.45	-32.55	-2.0589841616603	0	3650,0	934	234
-32.45	-31.55	-2.07700709994539	0	3650,0	935	234
-31.45	-30.55	-1.95084653194975	0	3650,0	936	234
-30.45	-29.55	-3.29109776078646	0	3650,0	937	234
-29.45	-28.55	-2.03440742763517	0	3650,0	938	234
-28.45	-27.55	-3.37738940469689	0	3650,0	939	234
-27.45	-26.55	-1.40578918623703	0	3650,0	940	234
-26.45	-25.55	-0.297105406881486	0	3650,0	941	234
-25.45	-24.55	-0.356635718186783	0	3650,0	942	234
-24.45	-23.55	-4.37465865647187	0	3650,0	943	234
-23.45	-22.55	-0.382850901146914	0	3650,0	944	234
-22.45	-21.55	-1.09011469142545	0	3650,0	945	234
-21.45	-20.55	-0.333697433096669	0	3650,0	946	234
-20.45	-19.55	-2.399235390497	0	3650,0	947	234
-19.45	-18.55	-2.37356635718187	0	3650,0	948	234
-18.45	-17.55	-2.58656471873293	0	3650,0	949	234
-17.45	-16.55	-4.40742763517204	0	3650,0	950	234
-16.45	-15.55	-1.0393227744402	0	3650,0	951	234
-15.45	-14.55	-0.422173675587111	0	3650,0	952	234
-14.45	-13.55	-0.532495903877662	0	3650,0	953	234
-9.45	-8.55	-0.312943746586565	0	3650,0	958	238
-6.45	-5.55	-3.96231567449481	0	3650,0	961	240
-5.45	-4.55	-2.47569634079738	0	3650,0	962	240
-4.45	-3.55	-1.12288367012561	0	3650,0	963	240
-1.45	-0.55	-0.0169306389950847	0	3650,0	966	242
-45.45	-44.55	-0.174767886400874	0	3700,50	972	247
-43.45	-42.55	-1.38339705079192	0	3700,50	974	248
-42.45	-41.55	-0.598580010922993	0	3700,50	975	248
-39.45	-38.55	-0.186237028945931	0	3700,50	978	250
-36.45	-35.55	-5.17749863462589	0	3700,50	981	252
-35.45	-34.55	-5.26597487711633	0	3700,50	982	252
-34.45	-33.55	-0.152921900600765	0	3700,50	983	252
-29.45	-28.55	-0.0775532495903878	0	3700,50	988	256
-23.45	-22.55	-0.495357728017477	0	3700,50	994	261
-22.45	-21.55	-2.11687602403058	0	3700,50	995	261
-21.45	-20.55	-0.326597487711633	0	3700,50	996	261
-17.45	-16.55	-0.971054068814855	0	3700,50	1000	264
-16.45	-15.55	-1.3194975423266	0	3700,50	1001	264
-15.45	-14.55	-1.95849262697979	0	3700,50	1002	264
-14.45	-13.55	-5.04751501911524	0	3700,50	1003	264
-13.45	-12.55	-2.30693610049154	0	3700,50	1004	264
-12.45	-11.55	-0.547241944292736	0	3700,50	1005	264
-11.45	-10.55	-0.563080283997815	0	3700,50	1006	264
-9.45	-8.55	-1.50791916985254	0	3700,50	1008	265
-8.45	-7.55	-2.04314582195522	0	3700,50	1009	265
-7.45	-6.55	-1.99290005461496	0	3700,50	1010	265
-6.45	-5.55	-1.09011469142545	0	3700,50	1011	265
-5.45	-4.55	-4.17422173675587	0	3700,50	1012	265
-4.45	-3.55	-4.06663025669033	0	3700,50	1013	265
-3.45	-2.55	-0.976515565264883	0	3700,50	1014	265
-1.45	-0.55	-0.245767340251229	0	3700,50	1016	266
-0.45	0.45	-1.87220098306936	0	3700,50	1017	266
0.55	1.45	-2.81321682140907	0	3700,50	1018	266
1.55	2.45	-0.181867831785909	0	3700,50	1019	266
2.55	3.45	-0.328782086291644	0	3700,50	1020	266
3.55	4.45	-2.68651010376843	0	3700,50	1021	266
4.55	5.45	-1.78700163844894	0	3700,50	1022	266
-44.45	-43.55	-0.167121791370836	0	3750,100	1023	266
-43.45	-42.55	-0.0983069361004915	0	3750,100	1024	266
-42.45	-41.55	-2.03768432550519	0	3750,100	1025	266
-40.45	-39.55	-0.66794101583834	0	3750,100	1027	267
-38.45	-37.55	-0.138722009830694	0	3750,100	1029	268
-37.45	-36.55	-4.44347351174222	0	3750,100	1030	268
-36.45	-35.55	-4.85636264336428	0	3750,100	1031	268
-35.45	-34.55	-2.28563626433643	0	3750,100	1032	268
-34.45	-33.55	-0.510649918077553	0	3750,100	1033	268
-33.45	-32.55	-0.196613872200983	0	3750,100	1034	268
-32.45	-31.55	-2.69524849808848	0	3750,100	1035	268
-31.45	-30.55	-5.95303113052977	0	3750,100	1036	268
-30.45	-29.55	-7.03276897870016	0	3750,100	1037	268
-29.45	-28.55	-0.0404150737302021	0	3750,100	1038	268
-28.45	-27.55	-2.84325505188422	0	3750,100	1039	268
-27.45	-26.55	-0.529219006007646	0	3750,100	1040	268
-26.45	-25.55	-1.21081376297105	0	3750,100	1041	268
-25.45	-24.55	-0.877662479519388	0	3750,100	1042	268
-24.45	-23.55	-1.59858001092299	0	3750,100	1043	268
-23.45	-22.55	-1.42708902239214	0	3750,100	1044	268
-22.45	-21.55	-1.28345166575642	0	3750,100	1045	268
-21.45	-20.55	-2.3200436919716	0	3750,100	1046	268
-20.45	-19.55	-2.92463134898962	0	3750,100	1047	268
-19.45	-18.55	-8.16275259421081	0	3750,100	1048	268
-18.45	-17.55	-9.52211906062261	0	3750,100	1049	268
-17.45	-16.55	-5.25341343528127	0	3750,100	1050	268
-16.45	-15.55	-8.67067176406335	0	3750,100	1051	268
-15.45	-14.55	-1.22228290551611	0	3750,100	1052	268
-14.45	-13.55	-8.12725286728564	0	3750,100	1053	268
-13.45	-12.55	-7.68377935554342	0	3750,100	1054	268
-12.45	-11.55	-10	0	3750,100	1055	268
-11.45	-10.55	-3.15619879847078	0	3750,100	1056	268
-10.45	-9.55	-5.99071545603495	0	3750,100	1057	268
-9.45	-8.55	-0.742217367558711	0	3750,100	1058	268
-8.45	-7.55	-1.07864554888039	0	3750,100	1059	268
-7.45	-6.55	-3.6193336974331	0	3750,100	1060	268
-6.45	-5.55	-3.73347897323867	0	3750,100	1061	268
-5.45	-4.55	-1.51720371381759	0	3750,100	1062	268
-4.45	-3.55	-1.13708356089569	0	3750,100	1063	268
-3.45	-2.55	-3.41561987984708	0	3750,100	1064	268
-2.45	-1.55	-1.21845985800109	0	3750,100	1065	268
-1.45	-0.55	-1.16821409066084	0	3750,100	1066	268
-0.45	0.45	-0.181321682140907	0	3750,100	1067	268
2.55	3.45	-0.384489350081922	0	3750,100	1070	270
3.55	4.45	-0.1600218459858	0	3750,100	1071	270
-45.45	-44.55	-0.40797378481704	0	3800,150	1072	270
-44.45	-43.55	-1.08629164391043	0	3800,150	1073	270
-43.45	-42.55	-2.41452758055707	0	3800,150	1074	270
-42.45	-41.55	-0.55598033861278	0	3800,150	1075	270
-41.45	-40.55	-1.02894593118514	0	3800,150	1076	270
-40.45	-39.55	-1.3599126160568	0	3800,150	1077	270
-39.45	-38.55	-1.83014746040415	0	3800,150	1078	270
-38.45	-37.55	-2.62807209175314	0	3800,150	1079	270
-37.45	-36.55	-2.18896777717094	0	3800,150	1080	270
-36.45	-35.55	-0.962861824139814	0	3800,150	1081	270
-35.45	-34.55	-3.15182960131076	0	3800,150	1082	270
-34.45	-33.55	-1.89077007099945	0	3800,150	1083	270
-33.45	-32.55	-0.574549426542873	0	3800,150	1084	270
-31.45	-30.55	-0.867285636264337	0	3800,150	1086	271
-30.45	-29.55	-0.792463134898962	0	3800,150	1087	271
-29.45	-28.55	-1.08356089568542	0	3800,150	1088	271
-27.45	-26.55	-3.36755871108684	0	3800,150	1090	272
-26.45	-25.55	-3.24685963954123	0	3800,150	1091	272
-25.45	-24.55	-3.43364281813217	0	3800,150	1092	272
-24.45	-23.55	-4.5598033861278	0	3800,150	1093	272
-23.45	-22.55	-1.30802839978154	0	3800,150	1094	272
-22.45	-21.55	-4.88858547241944	0	3800,150	1095	272
-21.45	-20.55	-6.32932823593665	0	3800,150	1096	272
-20.45	-19.55	-1.81540141998908	0	3800,150	1097	272
-19.45	-18.55	-1.26870562534134	0	3800,150	1098	272
-18.45	-17.55	-3.98361551064992	0	3800,150	1099	272
-17.45	-16.55	-1.75314036045877	0	3800,150	1100	272
-16.45	-15.55	-5.91753140360459	0	3800,150	1101	272
-15.45	-14.55	-1.78481703986892	0	3800,150	1102	272
-14.45	-13.55	-3.11141452758056	0	3800,150	1103	272
-13.45	-12.55	-2.80775532495904	0	3800,150	1104	272
-12.45	-11.55	-2.34352812670672	0	3800,150	1105	272
-11.45	-10.55	-6.09120699071546	0	3800,150	1106	272
-10.45	-9.55	-3.98962315674495	0	3800,150	1107	272
-9.45	-8.55	-0.962861824139814	0	3800,150	1108	272
-8.45	-7.55	-0.101037684325505	0	3800,150	1109	272
-7.45	-6.55	-8.4396504642272	0	3800,150	1110	272
-6.45	-5.55	-1.81594756963408	0	3800,150	1111	272
-5.45	-4.55	-1.8798470780994	0	3800,150	1112	272
-4.45	-3.55	-0.028399781540142	0	3800,150	1113	272
-3.45	-2.55	-1.30638995084653	0	3800,150	1114	272
-2.45	-1.55	-0.406335335882032	0	3800,150	1115	272
-1.45	-0.55	-1.33697433096668	0	3800,150	1116	272
0.55	1.45	-0.145821955215729	0	3800,150	1118	273
1.55	2.45	-0.447842708902239	0	3800,150	1119	273
2.55	3.45	-0.361551064991808	0	3800,150	1120	273
3.55	4.45	-3.38339705079192	0	3800,150	1121	273
4.55	5.45	-5.14746040415074	0	3800,150	1122	273
-44.45	-43.55	-3.20480611687602	0	3850,200	1123	273
-43.45	-42.55	-3.2594210813763	0	3850,200	1124	273
-42.45	-41.55	-5.25341343528127	0	3850,200	1125	273
-41.45	-40.55	-0.56198798470781	0	3850,200	1126	273
-40.45	-39.55	-3.97542326597488	0	3850,200	1127	273
-39.45	-38.55	-5.83833970507919	0	3850,200	1128	273
-38.45	-37.55	-1.62588749317313	0	3850,200	1129	273
-34.45	-33.55	-0.0841070453304205	0	3850,200	1133	276
-32.45	-31.55	-0.0404150737302021	0	3850,200	1135	277
-31.45	-30.55	-1.08301474604042	0	3850,200	1136	277
-30.45	-29.55	-0.749317312943747	0	3850,200	1137	277
-28.45	-27.55	-0.714909885308575	0	3850,200	1139	278
-27.45	-26.55	-2.52921900600765	0	3850,200	1140	278
-26.45	-25.55	-1.27525942108138	0	3850,200	1141	278
-25.45	-24.55	-4.73293282359366	0	3850,200	1142	278
-24.45	-23.55	-1.20917531403605	0	3850,200	1143	278
-23.45	-22.55	-0.034407427635172	0	3850,200	1144	278
-20.45	-19.55	-0.064991807755325	0	3850,200	1147	280
-19.45	-18.55	-4.75805570726379	0	3850,200	1148	280
-18.45	-17.55	-0.331512834516658	0	3850,200	1149	280
-17.45	-16.55	-3.02730748225014	0	3850,200	1150	280
-16.45	-15.55	-1.56526488257783	0	3850,200	1151	280
-15.45	-14.55	-0.0169306389950847	0	3850,200	1152	280
-14.45	-13.55	-3.72910977607865	0	3850,200	1153	280
-13.45	-12.55	-4.01638448935008	0	3850,200	1154	280
-12.45	-11.55	-2.49044238121245	0	3850,200	1155	280
-11.45	-10.55	-0.0584380120152922	0	3850,200	1156	280
-10.45	-9.55	-2.67012561441835	0	3850,200	1157	280
-8.45	-7.55	-0.386673948661933	0	3850,200	1159	281
-7.45	-6.55	-1.69634079737848	0	3850,200	1160	281
-4.45	-3.55	-0.211359912616057	0	3850,200	1163	283
-3.45	-2.55	-1.07591480065538	0	3850,200	1164	283
-1.45	-0.55	-0.704533042053523	0	3850,200	1166	284
-0.45	0.45	-0.177498634625888	0	3850,200	1167	284
0.55	1.45	-1.68924085199345	0	3850,200	1168	284
1.55	2.45	-0.119060622610595	0	3850,200	1169	284
2.55	3.45	-1.77061714909885	0	3850,200	1170	284
3.55	4.45	-2.5199344620426	0	3850,200	1171	284
-45.45	-44.55	-0.174767886400874	0	3700,0	1172	284
-43.45	-42.55	-1.38339705079192	0	3700,0	1174	285
-42.45	-41.55	-0.598580010922993	0	3700,0	1175	285
-39.45	-38.55	-0.186237028945931	0	3700,0	1178	287
-36.45	-35.55	-5.17749863462589	0	3700,0	1181	289
-35.45	-34.55	-5.26597487711633	0	3700,0	1182	289
-34.45	-33.55	-0.152921900600765	0	3700,0	1183	289
-29.45	-28.55	-0.0775532495903878	0	3700,0	1188	293
-23.45	-22.55	-0.495357728017477	0	3700,0	1194	298
-22.45	-21.55	-2.11687602403058	0	3700,0	1195	298
-21.45	-20.55	-0.326597487711633	0	3700,0	1196	298
-17.45	-16.55	-0.971054068814855	0	3700,0	1200	301
-16.45	-15.55	-1.3194975423266	0	3700,0	1201	301
-15.45	-14.55	-1.95849262697979	0	3700,0	1202	301
-14.45	-13.55	-5.04751501911524	0	3700,0	1203	301
-13.45	-12.55	-2.30693610049154	0	3700,0	1204	301
-12.45	-11.55	-0.547241944292736	0	3700,0	1205	301
-11.45	-10.55	-0.563080283997815	0	3700,0	1206	301
-9.45	-8.55	-1.50791916985254	0	3700,0	1208	302
-8.45	-7.55	-2.04314582195522	0	3700,0	1209	302
-7.45	-6.55	-1.99290005461496	0	3700,0	1210	302
-6.45	-5.55	-1.09011469142545	0	3700,0	1211	302
-5.45	-4.55	-4.17422173675587	0	3700,0	1212	302
-4.45	-3.55	-4.06663025669033	0	3700,0	1213	302
-3.45	-2.55	-0.976515565264883	0	3700,0	1214	302
-1.45	-0.55	-0.245767340251229	0	3700,0	1216	303
-0.45	0.45	-1.87220098306936	0	3700,0	1217	303
0.55	1.45	-2.81321682140907	0	3700,0	1218	303
1.55	2.45	-0.181867831785909	0	3700,0	1219	303
2.55	3.45	-0.328782086291644	0	3700,0	1220	303
3.55	4.45	-2.68651010376843	0	3700,0	1221	303
4.55	5.45	-1.78700163844894	0	3700,0	1222	303
-45.45	-44.55	-0.40797378481704	0	3800,100	1223	303
-44.45	-43.55	-1.08629164391043	0	3800,100	1224	303
-43.45	-42.55	-2.41452758055707	0	3800,100	1225	303
-42.45	-41.55	-0.55598033861278	0	3800,100	1226	303
-41.45	-40.55	-1.02894593118514	0	3800,100	1227	303
-40.45	-39.55	-1.3599126160568	0	3800,100	1228	303
-39.45	-38.55	-1.83014746040415	0	3800,100	1229	303
-38.45	-37.55	-2.62807209175314	0	3800,100	1230	303
-37.45	-36.55	-2.18896777717094	0	3800,100	1231	303
-36.45	-35.55	-0.962861824139814	0	3800,100	1232	303
-35.45	-34.55	-3.15182960131076	0	3800,100	1233	303
-34.45	-33.55	-1.89077007099945	0	3800,100	1234	303
-33.45	-32.55	-0.574549426542873	0	3800,100	1235	303
-31.45	-30.55	-0.867285636264337	0	3800,100	1237	304
-30.45	-29.55	-0.792463134898962	0	3800,100	1238	304
-29.45	-28.55	-1.08356089568542	0	3800,100	1239	304
-27.45	-26.55	-3.36755871108684	0	3800,100	1241	305
-26.45	-25.55	-3.24685963954123	0	3800,100	1242	305
-25.45	-24.55	-3.43364281813217	0	3800,100	1243	305
-24.45	-23.55	-4.5598033861278	0	3800,100	1244	305
-23.45	-22.55	-1.30802839978154	0	3800,100	1245	305
-22.45	-21.55	-4.88858547241944	0	3800,100	1246	305
-21.45	-20.55	-6.32932823593665	0	3800,100	1247	305
-20.45	-19.55	-1.81540141998908	0	3800,100	1248	305
-19.45	-18.55	-1.26870562534134	0	3800,100	1249	305
-18.45	-17.55	-3.98361551064992	0	3800,100	1250	305
-17.45	-16.55	-1.75314036045877	0	3800,100	1251	305
-16.45	-15.55	-5.91753140360459	0	3800,100	1252	305
-15.45	-14.55	-1.78481703986892	0	3800,100	1253	305
-14.45	-13.55	-3.11141452758056	0	3800,100	1254	305
-13.45	-12.55	-2.80775532495904	0	3800,100	1255	305
-12.45	-11.55	-2.34352812670672	0	3800,100	1256	305
-11.45	-10.55	-6.09120699071546	0	3800,100	1257	305
-10.45	-9.55	-3.98962315674495	0	3800,100	1258	305
-9.45	-8.55	-0.962861824139814	0	3800,100	1259	305
-8.45	-7.55	-0.101037684325505	0	3800,100	1260	305
-7.45	-6.55	-8.4396504642272	0	3800,100	1261	305
-6.45	-5.55	-1.81594756963408	0	3800,100	1262	305
-5.45	-4.55	-1.8798470780994	0	3800,100	1263	305
-4.45	-3.55	-0.028399781540142	0	3800,100	1264	305
-3.45	-2.55	-1.30638995084653	0	3800,100	1265	305
-2.45	-1.55	-0.406335335882032	0	3800,100	1266	305
-1.45	-0.55	-1.33697433096668	0	3800,100	1267	305
0.55	1.45	-0.145821955215729	0	3800,100	1269	306
1.55	2.45	-0.447842708902239	0	3800,100	1270	306
2.55	3.45	-0.361551064991808	0	3800,100	1271	306
3.55	4.45	-3.38339705079192	0	3800,100	1272	306
4.55	5.45	-5.14746040415074	0	3800,100	1273	306
-44.45	-43.55	-0.167121791370836	0	3750,50	1274	306
-43.45	-42.55	-0.0983069361004915	0	3750,50	1275	306
-42.45	-41.55	-2.03768432550519	0	3750,50	1276	306
-40.45	-39.55	-0.66794101583834	0	3750,50	1278	307
-38.45	-37.55	-0.138722009830694	0	3750,50	1280	308
-37.45	-36.55	-4.44347351174222	0	3750,50	1281	308
-36.45	-35.55	-4.85636264336428	0	3750,50	1282	308
-35.45	-34.55	-2.28563626433643	0	3750,50	1283	308
-34.45	-33.55	-0.510649918077553	0	3750,50	1284	308
-33.45	-32.55	-0.196613872200983	0	3750,50	1285	308
-32.45	-31.55	-2.69524849808848	0	3750,50	1286	308
-31.45	-30.55	-5.95303113052977	0	3750,50	1287	308
-30.45	-29.55	-7.03276897870016	0	3750,50	1288	308
-29.45	-28.55	-0.0404150737302021	0	3750,50	1289	308
-28.45	-27.55	-2.84325505188422	0	3750,50	1290	308
-27.45	-26.55	-0.529219006007646	0	3750,50	1291	308
-26.45	-25.55	-1.21081376297105	0	3750,50	1292	308
-25.45	-24.55	-0.877662479519388	0	3750,50	1293	308
-24.45	-23.55	-1.59858001092299	0	3750,50	1294	308
-23.45	-22.55	-1.42708902239214	0	3750,50	1295	308
-22.45	-21.55	-1.28345166575642	0	3750,50	1296	308
-21.45	-20.55	-2.3200436919716	0	3750,50	1297	308
-20.45	-19.55	-2.92463134898962	0	3750,50	1298	308
-19.45	-18.55	-8.16275259421081	0	3750,50	1299	308
-18.45	-17.55	-9.52211906062261	0	3750,50	1300	308
-17.45	-16.55	-5.25341343528127	0	3750,50	1301	308
-16.45	-15.55	-8.67067176406335	0	3750,50	1302	308
-15.45	-14.55	-1.22228290551611	0	3750,50	1303	308
-14.45	-13.55	-8.12725286728564	0	3750,50	1304	308
-13.45	-12.55	-7.68377935554342	0	3750,50	1305	308
-12.45	-11.55	-10	0	3750,50	1306	308
-11.45	-10.55	-3.15619879847078	0	3750,50	1307	308
-10.45	-9.55	-5.99071545603495	0	3750,50	1308	308
-9.45	-8.55	-0.742217367558711	0	3750,50	1309	308
-8.45	-7.55	-1.07864554888039	0	3750,50	1310	308
-7.45	-6.55	-3.6193336974331	0	3750,50	1311	308
-6.45	-5.55	-3.73347897323867	0	3750,50	1312	308
-5.45	-4.55	-1.51720371381759	0	3750,50	1313	308
-4.45	-3.55	-1.13708356089569	0	3750,50	1314	308
-3.45	-2.55	-3.41561987984708	0	3750,50	1315	308
-2.45	-1.55	-1.21845985800109	0	3750,50	1316	308
-1.45	-0.55	-1.16821409066084	0	3750,50	1317	308
-0.45	0.45	-0.181321682140907	0	3750,50	1318	308
2.55	3.45	-0.384489350081922	0	3750,50	1321	310
3.55	4.45	-0.1600218459858	0	3750,50	1322	310
-44.45	-43.55	-3.20480611687602	0	3850,150	1323	310
-43.45	-42.55	-3.2594210813763	0	3850,150	1324	310
-42.45	-41.55	-5.25341343528127	0	3850,150	1325	310
-41.45	-40.55	-0.56198798470781	0	3850,150	1326	310
-40.45	-39.55	-3.97542326597488	0	3850,150	1327	310
-39.45	-38.55	-5.83833970507919	0	3850,150	1328	310
-38.45	-37.55	-1.62588749317313	0	3850,150	1329	310
-34.45	-33.55	-0.0841070453304205	0	3850,150	1333	313
-32.45	-31.55	-0.0404150737302021	0	3850,150	1335	314
-31.45	-30.55	-1.08301474604042	0	3850,150	1336	314
-30.45	-29.55	-0.749317312943747	0	3850,150	1337	314
-28.45	-27.55	-0.714909885308575	0	3850,150	1339	315
-27.45	-26.55	-2.52921900600765	0	3850,150	1340	315
-26.45	-25.55	-1.27525942108138	0	3850,150	1341	315
-25.45	-24.55	-4.73293282359366	0	3850,150	1342	315
-24.45	-23.55	-1.20917531403605	0	3850,150	1343	315
-23.45	-22.55	-0.034407427635172	0	3850,150	1344	315
-20.45	-19.55	-0.064991807755325	0	3850,150	1347	317
-19.45	-18.55	-4.75805570726379	0	3850,150	1348	317
-18.45	-17.55	-0.331512834516658	0	3850,150	1349	317
-17.45	-16.55	-3.02730748225014	0	3850,150	1350	317
-16.45	-15.55	-1.56526488257783	0	3850,150	1351	317
-15.45	-14.55	-0.0169306389950847	0	3850,150	1352	317
-14.45	-13.55	-3.72910977607865	0	3850,150	1353	317
-13.45	-12.55	-4.01638448935008	0	3850,150	1354	317
-12.45	-11.55	-2.49044238121245	0	3850,150	1355	317
-11.45	-10.55	-0.0584380120152922	0	3850,150	1356	317
-10.45	-9.55	-2.67012561441835	0	3850,150	1357	317
-8.45	-7.55	-0.386673948661933	0	3850,150	1359	318
-7.45	-6.55	-1.69634079737848	0	3850,150	1360	318
-4.45	-3.55	-0.211359912616057	0	3850,150	1363	320
-3.45	-2.55	-1.07591480065538	0	3850,150	1364	320
-1.45	-0.55	-0.704533042053523	0	3850,150	1366	321
-0.45	0.45	-0.177498634625888	0	3850,150	1367	321
0.55	1.45	-1.68924085199345	0	3850,150	1368	321
1.55	2.45	-0.119060622610595	0	3850,150	1369	321
2.55	3.45	-1.77061714909885	0	3850,150	1370	321
3.55	4.45	-2.5199344620426	0	3850,150	1371	321
-45.45	-44.55	-3.20152921900601	0	3900,200	1372	321
-44.45	-43.55	-0.851447296559257	0	3900,200	1373	321
-43.45	-42.55	-0.646641179683233	0	3900,200	1374	321
-41.45	-40.55	-0.846531949754233	0	3900,200	1376	322
-38.45	-37.55	-0.437465865647187	0	3900,200	1379	324
-23.45	-22.55	-0.663025669033315	0	3900,200	1394	338
-21.45	-20.55	-0.56198798470781	0	3900,200	1396	339
-20.45	-19.55	-0.984707809939924	0	3900,200	1397	339
-11.45	-10.55	-0.0518842162752594	0	3900,200	1406	347
-10.45	-9.55	-0.119606772255598	0	3900,200	1407	347
-9.45	-8.55	-1.28126706717641	0	3900,200	1408	347
-8.45	-7.55	-0.503003823047515	0	3900,200	1409	347
-7.45	-6.55	-0.0999453850354997	0	3900,200	1410	347
-6.45	-5.55	-2.13653741125068	0	3900,200	1411	347
-5.45	-4.55	-3.5603495357728	0	3900,200	1412	347
-0.45	0.45	-0.154560349535773	0	3900,200	1417	351
1.55	2.45	-0.774440196613872	0	3900,200	1419	352
2.55	3.45	-0.682687056253414	0	3900,200	1420	352
-44.45	-43.55	-0.167121791370836	0	3750,0	1423	354
-43.45	-42.55	-0.0983069361004915	0	3750,0	1424	354
-42.45	-41.55	-2.03768432550519	0	3750,0	1425	354
-40.45	-39.55	-0.66794101583834	0	3750,0	1427	355
-38.45	-37.55	-0.138722009830694	0	3750,0	1429	356
-37.45	-36.55	-4.44347351174222	0	3750,0	1430	356
-36.45	-35.55	-4.85636264336428	0	3750,0	1431	356
-35.45	-34.55	-2.28563626433643	0	3750,0	1432	356
-34.45	-33.55	-0.510649918077553	0	3750,0	1433	356
-33.45	-32.55	-0.196613872200983	0	3750,0	1434	356
-32.45	-31.55	-2.69524849808848	0	3750,0	1435	356
-31.45	-30.55	-5.95303113052977	0	3750,0	1436	356
-30.45	-29.55	-7.03276897870016	0	3750,0	1437	356
-29.45	-28.55	-0.0404150737302021	0	3750,0	1438	356
-28.45	-27.55	-2.84325505188422	0	3750,0	1439	356
-27.45	-26.55	-0.529219006007646	0	3750,0	1440	356
-26.45	-25.55	-1.21081376297105	0	3750,0	1441	356
-25.45	-24.55	-0.877662479519388	0	3750,0	1442	356
-24.45	-23.55	-1.59858001092299	0	3750,0	1443	356
-23.45	-22.55	-1.42708902239214	0	3750,0	1444	356
-22.45	-21.55	-1.28345166575642	0	3750,0	1445	356
-21.45	-20.55	-2.3200436919716	0	3750,0	1446	356
-20.45	-19.55	-2.92463134898962	0	3750,0	1447	356
-19.45	-18.55	-8.16275259421081	0	3750,0	1448	356
-18.45	-17.55	-9.52211906062261	0	3750,0	1449	356
-17.45	-16.55	-5.25341343528127	0	3750,0	1450	356
-16.45	-15.55	-8.67067176406335	0	3750,0	1451	356
-15.45	-14.55	-1.22228290551611	0	3750,0	1452	356
-14.45	-13.55	-8.12725286728564	0	3750,0	1453	356
-13.45	-12.55	-7.68377935554342	0	3750,0	1454	356
-12.45	-11.55	-10	0	3750,0	1455	356
-11.45	-10.55	-3.15619879847078	0	3750,0	1456	356
-10.45	-9.55	-5.99071545603495	0	3750,0	1457	356
-9.45	-8.55	-0.742217367558711	0	3750,0	1458	356
-8.45	-7.55	-1.07864554888039	0	3750,0	1459	356
-7.45	-6.55	-3.6193336974331	0	3750,0	1460	356
-6.45	-5.55	-3.73347897323867	0	3750,0	1461	356
-5.45	-4.55	-1.51720371381759	0	3750,0	1462	356
-4.45	-3.55	-1.13708356089569	0	3750,0	1463	356
-3.45	-2.55	-3.41561987984708	0	3750,0	1464	356
-2.45	-1.55	-1.21845985800109	0	3750,0	1465	356
-1.45	-0.55	-1.16821409066084	0	3750,0	1466	356
-0.45	0.45	-0.181321682140907	0	3750,0	1467	356
2.55	3.45	-0.384489350081922	0	3750,0	1470	358
3.55	4.45	-0.1600218459858	0	3750,0	1471	358
-45.45	-44.55	-0.40797378481704	0	3800,50	1472	358
-44.45	-43.55	-1.08629164391043	0	3800,50	1473	358
-43.45	-42.55	-2.41452758055707	0	3800,50	1474	358
-42.45	-41.55	-0.55598033861278	0	3800,50	1475	358
-41.45	-40.55	-1.02894593118514	0	3800,50	1476	358
-40.45	-39.55	-1.3599126160568	0	3800,50	1477	358
-39.45	-38.55	-1.83014746040415	0	3800,50	1478	358
-38.45	-37.55	-2.62807209175314	0	3800,50	1479	358
-37.45	-36.55	-2.18896777717094	0	3800,50	1480	358
-36.45	-35.55	-0.962861824139814	0	3800,50	1481	358
-35.45	-34.55	-3.15182960131076	0	3800,50	1482	358
-34.45	-33.55	-1.89077007099945	0	3800,50	1483	358
-33.45	-32.55	-0.574549426542873	0	3800,50	1484	358
-31.45	-30.55	-0.867285636264337	0	3800,50	1486	359
-30.45	-29.55	-0.792463134898962	0	3800,50	1487	359
-29.45	-28.55	-1.08356089568542	0	3800,50	1488	359
-27.45	-26.55	-3.36755871108684	0	3800,50	1490	360
-26.45	-25.55	-3.24685963954123	0	3800,50	1491	360
-25.45	-24.55	-3.43364281813217	0	3800,50	1492	360
-24.45	-23.55	-4.5598033861278	0	3800,50	1493	360
-23.45	-22.55	-1.30802839978154	0	3800,50	1494	360
-22.45	-21.55	-4.88858547241944	0	3800,50	1495	360
-21.45	-20.55	-6.32932823593665	0	3800,50	1496	360
-20.45	-19.55	-1.81540141998908	0	3800,50	1497	360
-19.45	-18.55	-1.26870562534134	0	3800,50	1498	360
-18.45	-17.55	-3.98361551064992	0	3800,50	1499	360
-17.45	-16.55	-1.75314036045877	0	3800,50	1500	360
-16.45	-15.55	-5.91753140360459	0	3800,50	1501	360
-15.45	-14.55	-1.78481703986892	0	3800,50	1502	360
-14.45	-13.55	-3.11141452758056	0	3800,50	1503	360
-13.45	-12.55	-2.80775532495904	0	3800,50	1504	360
-12.45	-11.55	-2.34352812670672	0	3800,50	1505	360
-11.45	-10.55	-6.09120699071546	0	3800,50	1506	360
-10.45	-9.55	-3.98962315674495	0	3800,50	1507	360
-9.45	-8.55	-0.962861824139814	0	3800,50	1508	360
-8.45	-7.55	-0.101037684325505	0	3800,50	1509	360
-7.45	-6.55	-8.4396504642272	0	3800,50	1510	360
-6.45	-5.55	-1.81594756963408	0	3800,50	1511	360
-5.45	-4.55	-1.8798470780994	0	3800,50	1512	360
-4.45	-3.55	-0.028399781540142	0	3800,50	1513	360
-3.45	-2.55	-1.30638995084653	0	3800,50	1514	360
-2.45	-1.55	-0.406335335882032	0	3800,50	1515	360
-1.45	-0.55	-1.33697433096668	0	3800,50	1516	360
0.55	1.45	-0.145821955215729	0	3800,50	1518	361
1.55	2.45	-0.447842708902239	0	3800,50	1519	361
2.55	3.45	-0.361551064991808	0	3800,50	1520	361
3.55	4.45	-3.38339705079192	0	3800,50	1521	361
4.55	5.45	-5.14746040415074	0	3800,50	1522	361
-44.45	-43.55	-3.20480611687602	0	3850,100	1523	361
-43.45	-42.55	-3.2594210813763	0	3850,100	1524	361
-42.45	-41.55	-5.25341343528127	0	3850,100	1525	361
-41.45	-40.55	-0.56198798470781	0	3850,100	1526	361
-40.45	-39.55	-3.97542326597488	0	3850,100	1527	361
-39.45	-38.55	-5.83833970507919	0	3850,100	1528	361
-38.45	-37.55	-1.62588749317313	0	3850,100	1529	361
-34.45	-33.55	-0.0841070453304205	0	3850,100	1533	364
-32.45	-31.55	-0.0404150737302021	0	3850,100	1535	365
-31.45	-30.55	-1.08301474604042	0	3850,100	1536	365
-30.45	-29.55	-0.749317312943747	0	3850,100	1537	365
-28.45	-27.55	-0.714909885308575	0	3850,100	1539	366
-27.45	-26.55	-2.52921900600765	0	3850,100	1540	366
-26.45	-25.55	-1.27525942108138	0	3850,100	1541	366
-25.45	-24.55	-4.73293282359366	0	3850,100	1542	366
-24.45	-23.55	-1.20917531403605	0	3850,100	1543	366
-23.45	-22.55	-0.034407427635172	0	3850,100	1544	366
-20.45	-19.55	-0.064991807755325	0	3850,100	1547	368
-19.45	-18.55	-4.75805570726379	0	3850,100	1548	368
-18.45	-17.55	-0.331512834516658	0	3850,100	1549	368
-17.45	-16.55	-3.02730748225014	0	3850,100	1550	368
-16.45	-15.55	-1.56526488257783	0	3850,100	1551	368
-15.45	-14.55	-0.0169306389950847	0	3850,100	1552	368
-14.45	-13.55	-3.72910977607865	0	3850,100	1553	368
-13.45	-12.55	-4.01638448935008	0	3850,100	1554	368
-12.45	-11.55	-2.49044238121245	0	3850,100	1555	368
-11.45	-10.55	-0.0584380120152922	0	3850,100	1556	368
-10.45	-9.55	-2.67012561441835	0	3850,100	1557	368
-8.45	-7.55	-0.386673948661933	0	3850,100	1559	369
-7.45	-6.55	-1.69634079737848	0	3850,100	1560	369
-4.45	-3.55	-0.211359912616057	0	3850,100	1563	371
-3.45	-2.55	-1.07591480065538	0	3850,100	1564	371
-1.45	-0.55	-0.704533042053523	0	3850,100	1566	372
-0.45	0.45	-0.177498634625888	0	3850,100	1567	372
0.55	1.45	-1.68924085199345	0	3850,100	1568	372
1.55	2.45	-0.119060622610595	0	3850,100	1569	372
2.55	3.45	-1.77061714909885	0	3850,100	1570	372
3.55	4.45	-2.5199344620426	0	3850,100	1571	372
-45.45	-44.55	-3.20152921900601	0	3900,150	1572	372
-44.45	-43.55	-0.851447296559257	0	3900,150	1573	372
-43.45	-42.55	-0.646641179683233	0	3900,150	1574	372
-41.45	-40.55	-0.846531949754233	0	3900,150	1576	373
-38.45	-37.55	-0.437465865647187	0	3900,150	1579	375
-23.45	-22.55	-0.663025669033315	0	3900,150	1594	389
-21.45	-20.55	-0.56198798470781	0	3900,150	1596	390
-20.45	-19.55	-0.984707809939924	0	3900,150	1597	390
-11.45	-10.55	-0.0518842162752594	0	3900,150	1606	398
-10.45	-9.55	-0.119606772255598	0	3900,150	1607	398
-9.45	-8.55	-1.28126706717641	0	3900,150	1608	398
-8.45	-7.55	-0.503003823047515	0	3900,150	1609	398
-7.45	-6.55	-0.0999453850354997	0	3900,150	1610	398
-6.45	-5.55	-2.13653741125068	0	3900,150	1611	398
-5.45	-4.55	-3.5603495357728	0	3900,150	1612	398
-0.45	0.45	-0.154560349535773	0	3900,150	1617	402
1.55	2.45	-0.774440196613872	0	3900,150	1619	403
2.55	3.45	-0.682687056253414	0	3900,150	1620	403
-45.45	-44.55	-0.40797378481704	0	3800,0	1623	405
-44.45	-43.55	-1.08629164391043	0	3800,0	1624	405
-43.45	-42.55	-2.41452758055707	0	3800,0	1625	405
-42.45	-41.55	-0.55598033861278	0	3800,0	1626	405
-41.45	-40.55	-1.02894593118514	0	3800,0	1627	405
-40.45	-39.55	-1.3599126160568	0	3800,0	1628	405
-39.45	-38.55	-1.83014746040415	0	3800,0	1629	405
-38.45	-37.55	-2.62807209175314	0	3800,0	1630	405
-37.45	-36.55	-2.18896777717094	0	3800,0	1631	405
-36.45	-35.55	-0.962861824139814	0	3800,0	1632	405
-35.45	-34.55	-3.15182960131076	0	3800,0	1633	405
-34.45	-33.55	-1.89077007099945	0	3800,0	1634	405
-33.45	-32.55	-0.574549426542873	0	3800,0	1635	405
-31.45	-30.55	-0.867285636264337	0	3800,0	1637	406
-30.45	-29.55	-0.792463134898962	0	3800,0	1638	406
-29.45	-28.55	-1.08356089568542	0	3800,0	1639	406
-27.45	-26.55	-3.36755871108684	0	3800,0	1641	407
-26.45	-25.55	-3.24685963954123	0	3800,0	1642	407
-25.45	-24.55	-3.43364281813217	0	3800,0	1643	407
-24.45	-23.55	-4.5598033861278	0	3800,0	1644	407
-23.45	-22.55	-1.30802839978154	0	3800,0	1645	407
-22.45	-21.55	-4.88858547241944	0	3800,0	1646	407
-21.45	-20.55	-6.32932823593665	0	3800,0	1647	407
-20.45	-19.55	-1.81540141998908	0	3800,0	1648	407
-19.45	-18.55	-1.26870562534134	0	3800,0	1649	407
-18.45	-17.55	-3.98361551064992	0	3800,0	1650	407
-17.45	-16.55	-1.75314036045877	0	3800,0	1651	407
-16.45	-15.55	-5.91753140360459	0	3800,0	1652	407
-15.45	-14.55	-1.78481703986892	0	3800,0	1653	407
-14.45	-13.55	-3.11141452758056	0	3800,0	1654	407
-13.45	-12.55	-2.80775532495904	0	3800,0	1655	407
-12.45	-11.55	-2.34352812670672	0	3800,0	1656	407
-11.45	-10.55	-6.09120699071546	0	3800,0	1657	407
-10.45	-9.55	-3.98962315674495	0	3800,0	1658	407
-9.45	-8.55	-0.962861824139814	0	3800,0	1659	407
-8.45	-7.55	-0.101037684325505	0	3800,0	1660	407
-7.45	-6.55	-8.4396504642272	0	3800,0	1661	407
-6.45	-5.55	-1.81594756963408	0	3800,0	1662	407
-5.45	-4.55	-1.8798470780994	0	3800,0	1663	407
-4.45	-3.55	-0.028399781540142	0	3800,0	1664	407
-3.45	-2.55	-1.30638995084653	0	3800,0	1665	407
-2.45	-1.55	-0.406335335882032	0	3800,0	1666	407
-1.45	-0.55	-1.33697433096668	0	3800,0	1667	407
0.55	1.45	-0.145821955215729	0	3800,0	1669	408
1.55	2.45	-0.447842708902239	0	3800,0	1670	408
2.55	3.45	-0.361551064991808	0	3800,0	1671	408
3.55	4.45	-3.38339705079192	0	3800,0	1672	408
4.55	5.45	-5.14746040415074	0	3800,0	1673	408
-45.45	-44.55	-3.20152921900601	0	3900,100	1674	408
-44.45	-43.55	-0.851447296559257	0	3900,100	1675	408
-43.45	-42.55	-0.646641179683233	0	3900,100	1676	408
-41.45	-40.55	-0.846531949754233	0	3900,100	1678	409
-38.45	-37.55	-0.437465865647187	0	3900,100	1681	411
-23.45	-22.55	-0.663025669033315	0	3900,100	1696	425
-21.45	-20.55	-0.56198798470781	0	3900,100	1698	426
-20.45	-19.55	-0.984707809939924	0	3900,100	1699	426
-11.45	-10.55	-0.0518842162752594	0	3900,100	1708	434
-10.45	-9.55	-0.119606772255598	0	3900,100	1709	434
-9.45	-8.55	-1.28126706717641	0	3900,100	1710	434
-8.45	-7.55	-0.503003823047515	0	3900,100	1711	434
-7.45	-6.55	-0.0999453850354997	0	3900,100	1712	434
-6.45	-5.55	-2.13653741125068	0	3900,100	1713	434
-5.45	-4.55	-3.5603495357728	0	3900,100	1714	434
-0.45	0.45	-0.154560349535773	0	3900,100	1719	438
1.55	2.45	-0.774440196613872	0	3900,100	1721	439
2.55	3.45	-0.682687056253414	0	3900,100	1722	439
-44.45	-43.55	-3.20480611687602	0	3850,50	1725	441
-43.45	-42.55	-3.2594210813763	0	3850,50	1726	441
-42.45	-41.55	-5.25341343528127	0	3850,50	1727	441
-41.45	-40.55	-0.56198798470781	0	3850,50	1728	441
-40.45	-39.55	-3.97542326597488	0	3850,50	1729	441
-39.45	-38.55	-5.83833970507919	0	3850,50	1730	441
-38.45	-37.55	-1.62588749317313	0	3850,50	1731	441
-34.45	-33.55	-0.0841070453304205	0	3850,50	1735	444
-32.45	-31.55	-0.0404150737302021	0	3850,50	1737	445
-31.45	-30.55	-1.08301474604042	0	3850,50	1738	445
-30.45	-29.55	-0.749317312943747	0	3850,50	1739	445
-28.45	-27.55	-0.714909885308575	0	3850,50	1741	446
-27.45	-26.55	-2.52921900600765	0	3850,50	1742	446
-26.45	-25.55	-1.27525942108138	0	3850,50	1743	446
-25.45	-24.55	-4.73293282359366	0	3850,50	1744	446
-24.45	-23.55	-1.20917531403605	0	3850,50	1745	446
-23.45	-22.55	-0.034407427635172	0	3850,50	1746	446
-20.45	-19.55	-0.064991807755325	0	3850,50	1749	448
-19.45	-18.55	-4.75805570726379	0	3850,50	1750	448
-18.45	-17.55	-0.331512834516658	0	3850,50	1751	448
-17.45	-16.55	-3.02730748225014	0	3850,50	1752	448
-16.45	-15.55	-1.56526488257783	0	3850,50	1753	448
-15.45	-14.55	-0.0169306389950847	0	3850,50	1754	448
-14.45	-13.55	-3.72910977607865	0	3850,50	1755	448
-13.45	-12.55	-4.01638448935008	0	3850,50	1756	448
-12.45	-11.55	-2.49044238121245	0	3850,50	1757	448
-11.45	-10.55	-0.0584380120152922	0	3850,50	1758	448
-10.45	-9.55	-2.67012561441835	0	3850,50	1759	448
-8.45	-7.55	-0.386673948661933	0	3850,50	1761	449
-7.45	-6.55	-1.69634079737848	0	3850,50	1762	449
-4.45	-3.55	-0.211359912616057	0	3850,50	1765	451
-3.45	-2.55	-1.07591480065538	0	3850,50	1766	451
-1.45	-0.55	-0.704533042053523	0	3850,50	1768	452
-0.45	0.45	-0.177498634625888	0	3850,50	1769	452
0.55	1.45	-1.68924085199345	0	3850,50	1770	452
1.55	2.45	-0.119060622610595	0	3850,50	1771	452
2.55	3.45	-1.77061714909885	0	3850,50	1772	452
3.55	4.45	-2.5199344620426	0	3850,50	1773	452
-43.45	-42.55	-0.0518842162752594	0	3950,150	1775	453
-40.45	-39.55	-0.700163844893501	0	3950,150	1778	455
-32.45	-31.55	-0.176406335335882	0	3950,150	1786	462
-29.45	-28.55	-0.477880939377389	0	3950,150	1789	464
-26.45	-25.55	-0.297105406881486	0	3950,150	1792	466
-23.45	-22.55	-0.905516111414528	0	3950,150	1795	468
-13.45	-12.55	-0.402512288367013	0	3950,150	1805	477
-8.45	-7.55	-2.70453304205352	0	3950,150	1810	481
-7.45	-6.55	-0.111414527580557	0	3950,150	1811	481
-6.45	-5.55	-0.513380666302567	0	3950,150	1812	481
-5.45	-4.55	-0.942654287274713	0	3950,150	1813	481
-3.45	-2.55	-0.392135445111961	0	3950,150	1815	482
-2.45	-1.55	-0.34188967777171	0	3950,150	1816	482
-0.45	0.45	-0.392135445111961	0	3950,150	1818	483
0.55	1.45	-0.595849262697979	0	3950,150	1819	483
1.55	2.45	-0.358820316766794	0	3950,150	1820	483
2.55	3.45	-1.73238667394866	0	3950,150	1821	483
-44.45	-43.55	-3.20480611687602	0	3850,0	1823	484
-43.45	-42.55	-3.2594210813763	0	3850,0	1824	484
-42.45	-41.55	-5.25341343528127	0	3850,0	1825	484
-41.45	-40.55	-0.56198798470781	0	3850,0	1826	484
-40.45	-39.55	-3.97542326597488	0	3850,0	1827	484
-39.45	-38.55	-5.83833970507919	0	3850,0	1828	484
-38.45	-37.55	-1.62588749317313	0	3850,0	1829	484
-34.45	-33.55	-0.0841070453304205	0	3850,0	1833	487
-32.45	-31.55	-0.0404150737302021	0	3850,0	1835	488
-31.45	-30.55	-1.08301474604042	0	3850,0	1836	488
-30.45	-29.55	-0.749317312943747	0	3850,0	1837	488
-28.45	-27.55	-0.714909885308575	0	3850,0	1839	489
-27.45	-26.55	-2.52921900600765	0	3850,0	1840	489
-26.45	-25.55	-1.27525942108138	0	3850,0	1841	489
-25.45	-24.55	-4.73293282359366	0	3850,0	1842	489
-24.45	-23.55	-1.20917531403605	0	3850,0	1843	489
-23.45	-22.55	-0.034407427635172	0	3850,0	1844	489
-20.45	-19.55	-0.064991807755325	0	3850,0	1847	491
-19.45	-18.55	-4.75805570726379	0	3850,0	1848	491
-18.45	-17.55	-0.331512834516658	0	3850,0	1849	491
-17.45	-16.55	-3.02730748225014	0	3850,0	1850	491
-16.45	-15.55	-1.56526488257783	0	3850,0	1851	491
-15.45	-14.55	-0.0169306389950847	0	3850,0	1852	491
-14.45	-13.55	-3.72910977607865	0	3850,0	1853	491
-13.45	-12.55	-4.01638448935008	0	3850,0	1854	491
-12.45	-11.55	-2.49044238121245	0	3850,0	1855	491
-11.45	-10.55	-0.0584380120152922	0	3850,0	1856	491
-10.45	-9.55	-2.67012561441835	0	3850,0	1857	491
-8.45	-7.55	-0.386673948661933	0	3850,0	1859	492
-7.45	-6.55	-1.69634079737848	0	3850,0	1860	492
-4.45	-3.55	-0.211359912616057	0	3850,0	1863	494
-3.45	-2.55	-1.07591480065538	0	3850,0	1864	494
-1.45	-0.55	-0.704533042053523	0	3850,0	1866	495
-0.45	0.45	-0.177498634625888	0	3850,0	1867	495
0.55	1.45	-1.68924085199345	0	3850,0	1868	495
1.55	2.45	-0.119060622610595	0	3850,0	1869	495
2.55	3.45	-1.77061714909885	0	3850,0	1870	495
3.55	4.45	-2.5199344620426	0	3850,0	1871	495
-45.45	-44.55	-3.20152921900601	0	3900,50	1872	495
-44.45	-43.55	-0.851447296559257	0	3900,50	1873	495
-43.45	-42.55	-0.646641179683233	0	3900,50	1874	495
-41.45	-40.55	-0.846531949754233	0	3900,50	1876	496
-38.45	-37.55	-0.437465865647187	0	3900,50	1879	498
-23.45	-22.55	-0.663025669033315	0	3900,50	1894	512
-21.45	-20.55	-0.56198798470781	0	3900,50	1896	513
-20.45	-19.55	-0.984707809939924	0	3900,50	1897	513
-11.45	-10.55	-0.0518842162752594	0	3900,50	1906	521
-10.45	-9.55	-0.119606772255598	0	3900,50	1907	521
-9.45	-8.55	-1.28126706717641	0	3900,50	1908	521
-8.45	-7.55	-0.503003823047515	0	3900,50	1909	521
-7.45	-6.55	-0.0999453850354997	0	3900,50	1910	521
-6.45	-5.55	-2.13653741125068	0	3900,50	1911	521
-5.45	-4.55	-3.5603495357728	0	3900,50	1912	521
-0.45	0.45	-0.154560349535773	0	3900,50	1917	525
1.55	2.45	-0.774440196613872	0	3900,50	1919	526
2.55	3.45	-0.682687056253414	0	3900,50	1920	526
-43.45	-42.55	-0.0518842162752594	0	3950,100	1924	529
-40.45	-39.55	-0.700163844893501	0	3950,100	1927	531
-32.45	-31.55	-0.176406335335882	0	3950,100	1935	538
-29.45	-28.55	-0.477880939377389	0	3950,100	1938	540
-26.45	-25.55	-0.297105406881486	0	3950,100	1941	542
-23.45	-22.55	-0.905516111414528	0	3950,100	1944	544
-13.45	-12.55	-0.402512288367013	0	3950,100	1954	553
-8.45	-7.55	-2.70453304205352	0	3950,100	1959	557
-7.45	-6.55	-0.111414527580557	0	3950,100	1960	557
-6.45	-5.55	-0.513380666302567	0	3950,100	1961	557
-5.45	-4.55	-0.942654287274713	0	3950,100	1962	557
-3.45	-2.55	-0.392135445111961	0	3950,100	1964	558
-2.45	-1.55	-0.34188967777171	0	3950,100	1965	558
-0.45	0.45	-0.392135445111961	0	3950,100	1967	559
0.55	1.45	-0.595849262697979	0	3950,100	1968	559
1.55	2.45	-0.358820316766794	0	3950,100	1969	559
2.55	3.45	-1.73238667394866	0	3950,100	1970	559
-45.45	-44.55	-3.20152921900601	0	3900,0	1972	560
-44.45	-43.55	-0.851447296559257	0	3900,0	1973	560
-43.45	-42.55	-0.646641179683233	0	3900,0	1974	560
-41.45	-40.55	-0.846531949754233	0	3900,0	1976	561
-38.45	-37.55	-0.437465865647187	0	3900,0	1979	563
-23.45	-22.55	-0.663025669033315	0	3900,0	1994	577
-21.45	-20.55	-0.56198798470781	0	3900,0	1996	578
-20.45	-19.55	-0.984707809939924	0	3900,0	1997	578
-11.45	-10.55	-0.0518842162752594	0	3900,0	2006	586
-10.45	-9.55	-0.119606772255598	0	3900,0	2007	586
-9.45	-8.55	-1.28126706717641	0	3900,0	2008	586
-8.45	-7.55	-0.503003823047515	0	3900,0	2009	586
-7.45	-6.55	-0.0999453850354997	0	3900,0	2010	586
-6.45	-5.55	-2.13653741125068	0	3900,0	2011	586
-5.45	-4.55	-3.5603495357728	0	3900,0	2012	586
-0.45	0.45	-0.154560349535773	0	3900,0	2017	590
1.55	2.45	-0.774440196613872	0	3900,0	2019	591
2.55	3.45	-0.682687056253414	0	3900,0	2020	591
-43.45	-42.55	-0.0518842162752594	0	3950,50	2024	594
-40.45	-39.55	-0.700163844893501	0	3950,50	2027	596
-32.45	-31.55	-0.176406335335882	0	3950,50	2035	603
-29.45	-28.55	-0.477880939377389	0	3950,50	2038	605
-26.45	-25.55	-0.297105406881486	0	3950,50	2041	607
-23.45	-22.55	-0.905516111414528	0	3950,50	2044	609
-13.45	-12.55	-0.402512288367013	0	3950,50	2054	618
-8.45	-7.55	-2.70453304205352	0	3950,50	2059	622
-7.45	-6.55	-0.111414527580557	0	3950,50	2060	622
-6.45	-5.55	-0.513380666302567	0	3950,50	2061	622
-5.45	-4.55	-0.942654287274713	0	3950,50	2062	622
-3.45	-2.55	-0.392135445111961	0	3950,50	2064	623
-2.45	-1.55	-0.34188967777171	0	3950,50	2065	623
-0.45	0.45	-0.392135445111961	0	3950,50	2067	624
0.55	1.45	-0.595849262697979	0	3950,50	2068	624
1.55	2.45	-0.358820316766794	0	3950,50	2069	624
2.55	3.45	-1.73238667394866	0	3950,50	2070	624
-43.45	-42.55	-1.44784270890224	0	4000,100	2074	627
-42.45	-41.55	-0.48989623156745	0	4000,100	2075	627
-36.45	-35.55	-0.0300382304751502	0	4000,100	2081	632
-35.45	-34.55	-0.61605679956308	0	4000,100	2082	632
-34.45	-33.55	-1.97596941561988	0	4000,100	2083	632
-33.45	-32.55	-1.11796832332059	0	4000,100	2084	632
-30.45	-29.55	-0.239213544511196	0	4000,100	2087	634
-28.45	-27.55	-1.00600764609503	0	4000,100	2089	635
-27.45	-26.55	-6.21463681048607	0	4000,100	2090	635
-26.45	-25.55	-0.085199344620426	0	4000,100	2091	635
-25.45	-24.55	-2.53850354997269	0	4000,100	2092	635
-24.45	-23.55	-1.21354451119607	0	4000,100	2093	635
-22.45	-21.55	-0.278536318951393	0	4000,100	2095	636
-20.45	-19.55	-0.312397596941562	0	4000,100	2097	637
-18.45	-17.55	-0.541234298197706	0	4000,100	2099	638
-17.45	-16.55	-1.44784270890224	0	4000,100	2100	638
-16.45	-15.55	-1.27034407427635	0	4000,100	2101	638
-13.45	-12.55	-0.384489350081922	0	4000,100	2104	640
-10.45	-9.55	-1.67831785909339	0	4000,100	2107	642
-9.45	-8.55	-0.766794101583834	0	4000,100	2108	642
-43.45	-42.55	-0.0518842162752594	0	3950,0	2124	657
-40.45	-39.55	-0.700163844893501	0	3950,0	2127	659
-32.45	-31.55	-0.176406335335882	0	3950,0	2135	666
-29.45	-28.55	-0.477880939377389	0	3950,0	2138	668
-26.45	-25.55	-0.297105406881486	0	3950,0	2141	670
-23.45	-22.55	-0.905516111414528	0	3950,0	2144	672
-13.45	-12.55	-0.402512288367013	0	3950,0	2154	681
-8.45	-7.55	-2.70453304205352	0	3950,0	2159	685
-7.45	-6.55	-0.111414527580557	0	3950,0	2160	685
-6.45	-5.55	-0.513380666302567	0	3950,0	2161	685
-5.45	-4.55	-0.942654287274713	0	3950,0	2162	685
-3.45	-2.55	-0.392135445111961	0	3950,0	2164	686
-2.45	-1.55	-0.34188967777171	0	3950,0	2165	686
-0.45	0.45	-0.392135445111961	0	3950,0	2167	687
0.55	1.45	-0.595849262697979	0	3950,0	2168	687
1.55	2.45	-0.358820316766794	0	3950,0	2169	687
2.55	3.45	-1.73238667394866	0	3950,0	2170	687
-43.45	-42.55	-1.44784270890224	0	4000,50	2174	690
-42.45	-41.55	-0.48989623156745	0	4000,50	2175	690
-36.45	-35.55	-0.0300382304751502	0	4000,50	2181	695
-35.45	-34.55	-0.61605679956308	0	4000,50	2182	695
-34.45	-33.55	-1.97596941561988	0	4000,50	2183	695
-33.45	-32.55	-1.11796832332059	0	4000,50	2184	695
-30.45	-29.55	-0.239213544511196	0	4000,50	2187	697
-28.45	-27.55	-1.00600764609503	0	4000,50	2189	698
-27.45	-26.55	-6.21463681048607	0	4000,50	2190	698
-26.45	-25.55	-0.085199344620426	0	4000,50	2191	698
-25.45	-24.55	-2.53850354997269	0	4000,50	2192	698
-24.45	-23.55	-1.21354451119607	0	4000,50	2193	698
-22.45	-21.55	-0.278536318951393	0	4000,50	2195	699
-20.45	-19.55	-0.312397596941562	0	4000,50	2197	700
-18.45	-17.55	-0.541234298197706	0	4000,50	2199	701
-17.45	-16.55	-1.44784270890224	0	4000,50	2200	701
-16.45	-15.55	-1.27034407427635	0	4000,50	2201	701
-13.45	-12.55	-0.384489350081922	0	4000,50	2204	703
-10.45	-9.55	-1.67831785909339	0	4000,50	2207	705
-9.45	-8.55	-0.766794101583834	0	4000,50	2208	705
-43.45	-42.55	-1.44784270890224	0	4000,0	2225	721
-42.45	-41.55	-0.48989623156745	0	4000,0	2226	721
-36.45	-35.55	-0.0300382304751502	0	4000,0	2232	726
-35.45	-34.55	-0.61605679956308	0	4000,0	2233	726
-34.45	-33.55	-1.97596941561988	0	4000,0	2234	726
-33.45	-32.55	-1.11796832332059	0	4000,0	2235	726
-30.45	-29.55	-0.239213544511196	0	4000,0	2238	728
-28.45	-27.55	-1.00600764609503	0	4000,0	2240	729
-27.45	-26.55	-6.21463681048607	0	4000,0	2241	729
-26.45	-25.55	-0.085199344620426	0	4000,0	2242	729
-25.45	-24.55	-2.53850354997269	0	4000,0	2243	729
-24.45	-23.55	-1.21354451119607	0	4000,0	2244	729
-22.45	-21.55	-0.278536318951393	0	4000,0	2246	730
-20.45	-19.55	-0.312397596941562	0	4000,0	2248	731
-18.45	-17.55	-0.541234298197706	0	4000,0	2250	732
-17.45	-16.55	-1.44784270890224	0	4000,0	2251	732
-16.45	-15.55	-1.27034407427635	0	4000,0	2252	732
-13.45	-12.55	-0.384489350081922	0	4000,0	2255	734
-10.45	-9.55	-1.67831785909339	0	4000,0	2258	736
-9.45	-8.55	-0.766794101583834	0	4000,0	2259	736
-44.45	-43.55	-0.328782086291644	0	4050,50	2274	750
-43.45	-42.55	-0.220644456581103	0	4050,50	2275	750
-39.45	-38.55	-0.795193883123976	0	4050,50	2279	753
-38.45	-37.55	-0.251228836701256	0	4050,50	2280	753
-37.45	-36.55	-1.14472965592572	0	4050,50	2281	753
-35.45	-34.55	-0.203167667941016	0	4050,50	2283	754
-34.45	-33.55	-2.59038776624795	0	4050,50	2284	754
-29.45	-28.55	-0.417258328782086	0	4050,50	2289	758
-28.45	-27.55	-1.30584380120153	0	4050,50	2290	758
-20.45	-19.55	-0.0802839978154014	0	4050,50	2298	765
-19.45	-18.55	-1.16930638995085	0	4050,50	2299	765
-18.45	-17.55	-1.08246859639541	0	4050,50	2300	765
-17.45	-16.55	-1.50901146914255	0	4050,50	2301	765
-16.45	-15.55	-0.752594210813763	0	4050,50	2302	765
-15.45	-14.55	-0.411796832332059	0	4050,50	2303	765
-13.45	-12.55	-1.80502457673403	0	4050,50	2305	766
-7.45	-6.55	-0.0458765701802294	0	4050,50	2311	771
-3.45	-2.55	-0.437465865647187	0	4050,50	2315	774
-2.45	-1.55	-3.44784270890224	0	4050,50	2316	774
-1.45	-0.55	-1.81594756963408	0	4050,50	2317	774
-0.45	0.45	-0.961769524849809	0	4050,50	2318	774
0.55	1.45	-3.81758601856909	0	4050,50	2319	774
1.55	2.45	-6.20699071545603	0	4050,50	2320	774
2.55	3.45	-3.37684325505188	0	4050,50	2321	774
3.55	4.45	-0.110868377935554	0	4050,50	2322	774
-44.45	-43.55	-0.328782086291644	0	4050,0	2323	774
-43.45	-42.55	-0.220644456581103	0	4050,0	2324	774
-39.45	-38.55	-0.795193883123976	0	4050,0	2328	777
-38.45	-37.55	-0.251228836701256	0	4050,0	2329	777
-37.45	-36.55	-1.14472965592572	0	4050,0	2330	777
-35.45	-34.55	-0.203167667941016	0	4050,0	2332	778
-34.45	-33.55	-2.59038776624795	0	4050,0	2333	778
-29.45	-28.55	-0.417258328782086	0	4050,0	2338	782
-28.45	-27.55	-1.30584380120153	0	4050,0	2339	782
-20.45	-19.55	-0.0802839978154014	0	4050,0	2347	789
-19.45	-18.55	-1.16930638995085	0	4050,0	2348	789
-18.45	-17.55	-1.08246859639541	0	4050,0	2349	789
-17.45	-16.55	-1.50901146914255	0	4050,0	2350	789
-16.45	-15.55	-0.752594210813763	0	4050,0	2351	789
-15.45	-14.55	-0.411796832332059	0	4050,0	2352	789
-13.45	-12.55	-1.80502457673403	0	4050,0	2354	790
-7.45	-6.55	-0.0458765701802294	0	4050,0	2360	795
-3.45	-2.55	-0.437465865647187	0	4050,0	2364	798
-2.45	-1.55	-3.44784270890224	0	4050,0	2365	798
-1.45	-0.55	-1.81594756963408	0	4050,0	2366	798
-0.45	0.45	-0.961769524849809	0	4050,0	2367	798
0.55	1.45	-3.81758601856909	0	4050,0	2368	798
1.55	2.45	-6.20699071545603	0	4050,0	2369	798
2.55	3.45	-3.37684325505188	0	4050,0	2370	798
3.55	4.45	-0.110868377935554	0	4050,0	2371	798
-42.45	-41.55	-0.0972146368104861	0	4100,0	2375	801
-41.45	-40.55	-2.0393227744402	0	4100,0	2376	801
-40.45	-39.55	-0.563080283997815	0	4100,0	2377	801
-39.45	-38.55	-0.0813762971054069	0	4100,0	2378	801
-38.45	-37.55	-1.00655379574003	0	4100,0	2379	801
-36.45	-35.55	-3.77662479519388	0	4100,0	2381	802
-35.45	-34.55	-5.17203713817586	0	4100,0	2382	802
-34.45	-33.55	-0.582195521572911	0	4100,0	2383	802
-33.45	-32.55	-4.04642271982523	0	4100,0	2384	802
-32.45	-31.55	-5.71217913708356	0	4100,0	2385	802
-31.45	-30.55	-1.53140360458766	0	4100,0	2386	802
-30.45	-29.55	-0.387766247951939	0	4100,0	2387	802
-29.45	-28.55	-0.511196067722556	0	4100,0	2388	802
-28.45	-27.55	-3.08629164391043	0	4100,0	2389	802
-27.45	-26.55	-0.0606226105953031	0	4100,0	2390	802
-26.45	-25.55	-1.96176952484981	0	4100,0	2391	802
-24.45	-23.55	-0.0748225013653741	0	4100,0	2393	803
-21.45	-20.55	-0.246313489896232	0	4100,0	2396	805
-20.45	-19.55	-0.630256690333151	0	4100,0	2397	805
