x	y
0.444809805825527	4.0279713598725
0.443772195345555	3.22934675497431
0.566574430269485	5.11175302793293
0.399032881412293	2.92698126665985
0.563323155209392	3.59013728522858
0.938095181453135	4.26760077456101
1.17364640189185	4.65968114993921
0.829240108916639	4.65390586214325
0.371862044305113	0.758040117707325
0.553418636279353	1.16783344867506
0.837844880054765	2.00398555825875
0.615563574409029	1.03201912935397
0.673624363291718	1.29522891536282
0.613598779948921	1.5430223429993
0.284655691420773	0.693458983932139
0.533761258554272	1.71722439728689
0.448363939885337	5.28414338284841
0.667870627849493	7.73827219200643
0.405375032500068	3.33661384381098
0.30394649614296	2.18714936860107
1.16392591848722	4.09117284037422
1.06734389328523	3.03380127147993
0.924602854436277	5.07284818070077
0.351851652819203	0.530615207051711
0.775891819448345	1.41368326883075
1.00376429153926	1.6993657844472
0.773577429956025	0.93746469202069
0.944108607822883	1.21181193213796
0.409943345105274	0.502674847095206
0.16977321017941	0.22565324397296
0.434588412998698	1.46671034746636
0.860395208057436	2.81245776640004
0.925047974138594	2.24868854921075
0.591822049338267	2.47724510680094
0.85501694177245	1.69100762336307
1.15060894911326	2.24123199686492
0.593431428124692	0.751891808193475
1.10220714430064	1.96429987934667
0.316633043826677	0.253676798451196
0.812912054388899	1.1880566980724
0.546631792658216	0.94542759570336
0.823470726002785	3.62391799520263
1.17898519574712	4.58405839694815
0.5218933793654	2.91497893097492
0.641583105341219	1.49065897978306
0.757270443666056	1.11114719957288
0.00557909529306715	0.00402490900196662
0.561444573811601	0.827625666020573
0.927139933346571	4.83753378721599
0.791957789694879	2.8579520459351
0.684979721719767	3.99307097971914
0.762708163609795	1.24427126252208
0.281471941980908	0.660825682694667
1.05512967778734	6.87912780920063
0.801239195347412	5.70461808186203
0.572993604607051	1.64115234779458
0.743276568753062	2.15138441506848
0.690958737996826	1.63476240152135
0.270927916589642	0.374868528709439
0.36260582060863	0.702746545098361
0.61842873367043	1.85851108274307
0.538271578441965	1.87480457765273
0.267456497713228	0.66727220186514
0.374052975711218	0.913731717684018
0.57816370978241	1.42349245561629
0.509930674432115	0.841712895902724
0.465865537741133	1.00896981313686
