group	fill	clickSelects
2	#FFFEFF	139
3	#FFFFFF	17
4	#FFFEFF	139
5	#FFFEFF	139
6	#FFFEFF	139
7	#FFFEFF	139
8	#FFFFFF	17
9	#FFFEFF	139
10	#FFFEFF	139
11	#FFFFFF	17
12	#FFFFFF	17
13	#FFFFFF	17
14	#FFFFFF	17
15	#FFFFFF	17
16	#FFFFFF	17
17	#FFFFFF	166
18	#FFFFFF	166
19	#FFFFFF	17
20	#FFFFFF	166
21	#FFFFFF	166
22	#FFFFFF	166
23	#FFFFFF	17
24	#FFFFFF	166
25	#FFFEFF	139
26	#FFFFFF	166
27	#FFFFFF	166
28	#FFFFFF	17
29	#FFFFFF	17
30	#FFFFFF	17
31	#FFFFFF	17
32	#FFFFFF	17
33	#FFFFFF	17
34	#FFFFFF	17
35	#FFFFFF	17
36	#FFFFFF	17
37	#FFFFFF	17
38	#FFFFFF	17
39	#FFFFFF	9
40	#FFFFFF	9
41	#FFFFFF	9
42	#FFFFFF	9
43	#FFFFFF	9
44	#FFFFFF	9
45	#FFFFFF	308
46	#FFFFFF	17
47	#FFFFFF	17
48	#FFFEFF	139
49	#FFFEFF	139
52	#FFFEFF	139
53	#FFFFFF	17
54	#FFFEFF	139
55	#FFFEFF	139
56	#FFFEFF	139
57	#FFFEFF	139
58	#FFFFFF	17
59	#FFFEFF	139
60	#FFFEFF	139
61	#FFFFFF	17
62	#FFFFFF	17
63	#FFFFFF	17
64	#FFFFFF	17
65	#FFFFFF	17
66	#FFFFFF	17
67	#FFFFFF	166
68	#FFFFFF	166
69	#FFFFFF	17
70	#FFFFFF	166
71	#FFFFFF	166
72	#FFFFFF	166
73	#FFFFFF	17
74	#FFFFFF	166
75	#FFFEFF	139
76	#FFFFFF	166
77	#FFFFFF	166
78	#FFFFFF	17
79	#FFFFFF	166
80	#FFFFFF	17
81	#FFFFFF	17
82	#FFFFFF	17
83	#FFFFFF	17
84	#FFFFFF	17
85	#FFFFFF	17
86	#FFFFFF	17
87	#FFFFFF	17
88	#FFFFFF	17
89	#FFFFFF	17
90	#FFFFFF	9
91	#FFFFFF	9
92	#FFFFFF	9
93	#FFFFFF	9
94	#FFFFFF	9
95	#FFFFFF	9
96	#FFFFFF	308
97	#FFFFFF	17
98	#FFFFFF	17
99	#FFFEFF	139
100	#FFFEFF	139
103	#FFFFFF	17
104	#FFFFFF	17
105	#FFFEFF	139
106	#FFFEFF	139
107	#FFFEFF	139
108	#FFFEFF	139
109	#FFFEFF	139
110	#FFFFFF	17
111	#FFFFFF	17
112	#FFFFFF	17
113	#FFFFFF	17
114	#FFFFFF	17
115	#FFFFFF	17
116	#FFFFFF	17
117	#FFFFFF	17
118	#FFFFFF	17
119	#FFFFFF	17
120	#FFFFFF	166
121	#FFFFFF	166
122	#FFFFFF	166
123	#FFFFFF	166
124	#FFFFFF	166
125	#FFFFFF	166
126	#FFFFFF	17
127	#FFFFFF	166
128	#FFFFFF	17
129	#FFFFFF	166
130	#FFFFFF	17
131	#FFFFFF	17
132	#FFFFFF	17
133	#FFFFFF	17
134	#FFFFFF	17
135	#FFFFFF	17
136	#FFFFFF	17
137	#FFFFFF	17
138	#FFFFFF	17
139	#FFFFFF	17
140	#FFFFFF	17
141	#FFFFFF	9
142	#FFFFFF	9
143	#FFFFFF	9
144	#FFFFFF	9
145	#FFFFFF	9
146	#FFFFFF	9
147	#FFFFFF	17
148	#FFFEFF	139
149	#FFFEFF	139
151	#FFFEFF	139
154	#FFFFFF	17
155	#FFFFFF	17
156	#FFFFFF	17
157	#FFFFFF	17
158	#FFFFFF	17
159	#FFFFFF	17
160	#FFFFFF	17
161	#FFFFFF	17
162	#FFFFFF	166
163	#FFFFFF	166
164	#FFFFFF	17
165	#FFFFFF	17
166	#FFFFFF	17
167	#FFFFFF	166
168	#FFFFFF	166
169	#FFFFFF	166
170	#FFFFFF	166
171	#FFFFFF	166
172	#FFFFFF	166
173	#FFFFFF	166
174	#FFFFFF	166
175	#FFFFFF	166
176	#FFFFFF	17
177	#FFFFFF	166
178	#FFFFFF	166
179	#FFFFFF	166
180	#FFFFFF	166
181	#FFFFFF	17
182	#FFFFFF	166
183	#FFFFFF	17
184	#FFFFFF	166
185	#FFFFFF	17
186	#FFFFFF	17
187	#FFFFFF	17
188	#FFFFFF	9
189	#FFFFFF	17
190	#FFFFFF	17
191	#FFFFFF	17
192	#FFFFFF	17
193	#FFFFFF	17
194	#FFFFFF	17
195	#FFFFFF	17
196	#FFFFFF	17
197	#FFFFFF	17
198	#FFFFFF	17
199	#FFFFFF	17
200	#FFFFFF	17
201	#FFFFFF	17
202	#FFFFFF	17
205	#FFFFFF	17
206	#FFFFFF	17
207	#FFFFFF	17
208	#FFFFFF	17
209	#FFFFFF	17
210	#FFFFFF	17
211	#FFFFFF	17
212	#FFFFFF	17
213	#FFFFFF	166
214	#FFFFFF	17
215	#FFFFFF	17
216	#FFFFFF	17
217	#FFFFFF	166
218	#FFFFFF	166
219	#FFFFFF	166
220	#FFFFFF	166
221	#FFFFFF	166
222	#FFFFFF	166
223	#FFFFFF	166
224	#FFFFFF	166
225	#FFFFFF	166
226	#FFFFFF	166
227	#FFFFFF	17
228	#FFFFFF	166
229	#FFFFFF	166
230	#FFFFFF	478
231	#FFFFFF	166
232	#FFFFFF	166
233	#FFFFFF	166
234	#FFFFFF	166
235	#FFFFFF	166
236	#FFFFFF	17
237	#FFFFFF	17
238	#FFFFFF	17
239	#FFFFFF	9
240	#FFFFFF	17
241	#FFFFFF	17
242	#FFFFFF	17
243	#FFFFFF	17
244	#FFFFFF	17
245	#FFFFFF	17
246	#FFFFFF	17
247	#FFFFFF	17
248	#FFFFFF	17
249	#FFFFFF	17
250	#FFFFFF	17
251	#FFFFFF	17
252	#FFFFFF	17
254	#FFFFFF	17
256	#FFFFFF	17
257	#FFFFFF	17
258	#FFFFFF	17
259	#FFFFFF	17
260	#FFFFFF	17
261	#FFFFFF	17
262	#FFFFFF	17
263	#FFFFFF	166
264	#FFFFFF	166
265	#FFFFFF	17
266	#FFFFFF	17
267	#FFFFFF	166
268	#FFFFFF	166
269	#FFFFFF	166
270	#FFFFFF	166
271	#FFFFFF	166
272	#FFFFFF	166
273	#FFFFFF	166
274	#FFFFFF	17
275	#FFFFFF	166
276	#FFFFFF	17
277	#FFFFFF	17
278	#FFFFFF	166
279	#FFFFFF	166
280	#FFFFFF	166
281	#FFFFFF	166
282	#FFFFFF	166
283	#FFFFFF	166
284	#FFFFFF	166
285	#FFFFFF	166
286	#FFFFFF	17
287	#FFFFFF	17
288	#FFFFFF	17
289	#FFFFFF	17
290	#FFFFFF	17
291	#FFFFFF	17
292	#FFFFFF	17
293	#FFFFFF	17
294	#FFFFFF	17
295	#FFFFFF	17
296	#FFFFFF	17
297	#FFFFFF	17
298	#FFFFFF	17
299	#FFFFFF	17
300	#FFFFFF	17
301	#FFFFFF	17
302	#FFFFFF	17
303	#FFFFFF	17
305	#FFFFFF	17
307	#FFFFFF	17
308	#FFFFFF	17
309	#FFFFFF	17
310	#FFFFFF	17
311	#FFFFFF	17
312	#FFFFFF	17
313	#FFFFFF	17
314	#FFFFFF	166
315	#FFFFFF	166
316	#FFFFFF	166
317	#FFFFFF	17
318	#FFFFFF	17
319	#FFFFFF	166
320	#FFFFFF	166
321	#FFFFFF	166
322	#FFFFFF	166
323	#FFFFFF	166
324	#FFFFFF	166
325	#FFFFFF	17
326	#FFFFFF	166
327	#FFFFFF	17
328	#FFFFFF	17
329	#FFFFFF	166
330	#FFFFFF	166
331	#FFFFFF	166
332	#FFFFFF	166
333	#FFFFFF	166
334	#FFFFFF	166
335	#FFFFFF	166
336	#FFFFFF	17
337	#FFFFFF	17
338	#FFFFFF	17
339	#FFFFFF	17
340	#FFFFFF	17
341	#FFFFFF	17
342	#FFFFFF	17
343	#FFFFFF	17
344	#FFFFFF	17
345	#FFFFFF	17
346	#FFFFFF	17
347	#FFFFFF	17
348	#FFFFFF	17
349	#FFFFFF	17
350	#FFFFFF	17
351	#FFFFFF	17
352	#FFFFFF	17
353	#FFFFFF	17
355	#FFFFFF	17
356	#FFFFFF	17
357	#FFFFFF	17
358	#FFFFFF	17
359	#FFFFFF	17
360	#FFFFFF	17
361	#FFFFFF	17
362	#FFFFFF	17
363	#FFFFFF	17
364	#FFFFFF	166
365	#FFFFFF	166
366	#FFFFFF	166
368	#FFFFFF	17
369	#FFFFFF	17
370	#FFFFFF	166
371	#FFFFFF	166
372	#FFFFFF	166
373	#FFFFFF	166
374	#FFFFFF	166
375	#FFFFFF	166
376	#FFFFFF	17
377	#FFFFFF	17
378	#FFFFFF	17
379	#FFFFFF	166
380	#FFFFFF	166
381	#FFFFFF	166
382	#FFFFFF	166
383	#FFFFFF	166
384	#FFFFFF	166
385	#FFFFFF	166
386	#FFFFFF	166
387	#FFFFFF	17
388	#FFFFFF	17
389	#FFFFFF	17
390	#FFFFFF	17
391	#FFFFFF	17
392	#FFFFFF	17
393	#FFFFFF	17
394	#FFFFFF	17
395	#FFFFFF	17
396	#FFFFFF	17
397	#FFFFFF	17
398	#FFFFFF	17
399	#FFFFFF	17
400	#FFFFFF	17
401	#FFFFFF	17
402	#FFFFFF	17
403	#FFFFFF	17
404	#FFFFFF	17
406	#FFFFFF	17
407	#FFFFFF	17
408	#FFFFFF	17
409	#FFFFFF	17
410	#FFFFFF	17
411	#FFFFFF	17
412	#FFFFFF	17
413	#FFFFFF	17
414	#FFFFFF	17
415	#FFFFFF	166
416	#FFFFFF	166
417	#FFFFFF	166
418	#FFFFFF	17
419	#FFFFFF	17
420	#FFFFFF	17
421	#FFFFFF	166
422	#FFFFFF	166
423	#FFFFFF	166
424	#FFFFFF	166
425	#FFFFFF	166
426	#FFFFFF	166
427	#FFFFFF	17
428	#FFFFFF	17
429	#FFFFFF	17
430	#FFFFFF	166
431	#FFFFFF	166
432	#FFFFFF	166
433	#FFFFFF	166
434	#FFFFFF	166
435	#FFFFFF	166
436	#FFFFFF	166
437	#FFFFFF	17
438	#FFFFFF	17
439	#FFFFFF	17
440	#FFFFFF	17
441	#FFFFFF	17
442	#FFFFFF	17
443	#FFFFFF	17
444	#FFFFFF	17
445	#FFFFFF	17
446	#FFFFFF	17
447	#FFFFFF	17
448	#FFFFFF	17
449	#FFFFFF	17
450	#FFFFFF	17
451	#FFFFFF	17
452	#FFFFFF	17
453	#FFFFFF	17
454	#FFFFFF	17
456	#FFFFFF	17
457	#FFFFFF	17
458	#FFFFFF	17
459	#FFFFFF	17
460	#FFFFFF	17
461	#FFFFFF	17
462	#FFFFFF	17
463	#FFFFFF	17
464	#FFFFFF	678
465	#FFFFFF	17
466	#FFFFFF	166
467	#FFFFFF	166
468	#FFFFFF	17
469	#FFFFFF	17
470	#FFFFFF	17
471	#FFFFFF	17
472	#FFFFFF	166
473	#FFFFFF	17
474	#FFFFFF	17
475	#FFFFFF	166
476	#FFFFFF	166
477	#FFFFFF	17
478	#FFFFFF	17
480	#FFFFFF	17
481	#FFFFFF	166
482	#FFFFFF	166
483	#FFFFFF	166
484	#FFFFFF	166
485	#FFFFFF	166
486	#FFFFFF	166
487	#FFFFFF	166
488	#FFFFFF	17
489	#FFFFFF	17
490	#FFFFFF	17
491	#FFFFFF	17
492	#FFFFFF	17
493	#FFFFFF	17
494	#FFFFFF	17
495	#FFFFFF	17
496	#FFFFFF	17
497	#FFFFFF	17
498	#FFFFFF	17
499	#FFFFFF	17
500	#FFFFFF	17
501	#FFFFFF	17
502	#FFFFFF	17
503	#FFFFFF	17
504	#FFFFFF	17
505	#FFFFFF	17
507	#FFFFFF	17
508	#FFFFFF	17
509	#FFFFFF	17
510	#FFFFFF	17
511	#FFFFFF	17
512	#FFFFFF	17
513	#FFFFFF	17
514	#FFFFFF	678
515	#FFFFFF	678
516	#FFFFFF	17
517	#FFFFFF	166
518	#FFFFFF	17
519	#FFFFFF	17
520	#FFFFFF	17
521	#FFFFFF	17
522	#FFFFFF	17
523	#FFFFFF	166
524	#FFFFFF	17
525	#FFFFFF	166
526	#FFFFFF	166
527	#FFFFFF	166
528	#FFFFFF	17
529	#FFFFFF	17
531	#FFFFFF	17
532	#FFFFFF	166
533	#FFFFFF	166
534	#FFFFFF	166
535	#FFFFFF	166
536	#FFFFFF	166
537	#FFFFFF	166
538	#FFFFFF	17
539	#FFFFFF	17
540	#FFFFFF	17
541	#FFFFFF	17
542	#FFFFFF	17
543	#FFFFFF	17
544	#FFFFFF	17
545	#FFFFFF	17
546	#FFFFFF	17
547	#FFFFFF	17
548	#FFFFFF	17
549	#FFFFFF	17
550	#FFFFFF	17
551	#FFFFFF	17
552	#FFFFFF	17
553	#FFFFFF	17
554	#FFFFFF	17
555	#FFFFFF	17
557	#FFFFFF	17
558	#FFFFFF	17
559	#FFFFFF	17
560	#FFFFFF	17
561	#FFFFFF	17
562	#FFFFFF	17
563	#FFFFFF	17
564	#FFFFFF	678
565	#FFFFFF	678
566	#FFFFFF	678
567	#FFFFFF	17
568	#FFFFFF	17
569	#FFFFFF	17
570	#FFFFFF	17
571	#FFFFFF	17
572	#FFFFFF	17
573	#FFFFFF	17
574	#FFFFFF	17
575	#FFFFFF	166
576	#FFFFFF	166
577	#FFFFFF	166
578	#FFFFFF	17
579	#FFFFFF	17
580	#FFFFFF	17
581	#FFFFFF	17
582	#FFFFFF	17
583	#FFFFFF	166
584	#FFFFFF	166
585	#FFFFFF	166
586	#FFFFFF	166
587	#FFFFFF	166
588	#FFFFFF	17
589	#FFFFFF	17
590	#FFFFFF	17
592	#FFFFFF	17
593	#FFFFFF	17
594	#FFFFFF	17
595	#FFFFFF	17
596	#FFFFFF	17
597	#FFFFFF	17
598	#FFFFFF	17
599	#FFFFFF	17
600	#FFFFFF	17
601	#FFFFFF	17
602	#FFFFFF	17
603	#FFFFFF	17
604	#FFFFFF	17
605	#FFFFFF	17
606	#FFFFFF	17
608	#FFFFFF	17
609	#FFFFFF	17
610	#FFFFFF	17
611	#FFFFFF	17
612	#FFFFFF	17
613	#FFFFFF	17
614	#FFFFFF	17
615	#FFFFFF	678
616	#FFFFFF	678
617	#FFFFFF	17
618	#FFFFFF	17
619	#FFFFFF	17
620	#FFFFFF	17
621	#FFFFFF	17
622	#FFFFFF	17
623	#FFFFFF	17
624	#FFFFFF	17
625	#FFFFFF	166
626	#FFFFFF	166
627	#FFFFFF	166
628	#FFFFFF	17
629	#FFFFFF	17
630	#FFFFFF	17
631	#FFFFFF	17
632	#FFFFFF	17
633	#FFFFFF	17
634	#FFFFFF	166
635	#FFFFFF	166
636	#FFFFFF	166
637	#FFFFFF	166
638	#FFFFFF	166
639	#FFFFFF	17
640	#FFFFFF	17
641	#FFFFFF	17
643	#FFFFFF	17
644	#FFFFFF	17
645	#FFFFFF	17
646	#FFFFFF	17
647	#FFFFFF	17
648	#FFFFFF	17
649	#FFFFFF	17
650	#FFFFFF	17
651	#FFFFFF	17
652	#FFFFFF	17
653	#FFFFFF	17
654	#FFFFFF	17
655	#FFFFFF	17
656	#FFFFFF	17
658	#FFFFFF	17
659	#FFFFFF	17
660	#FFFFFF	17
661	#FFFFFF	17
662	#FFFFFF	17
663	#FFFFFF	678
664	#FFFFFF	17
665	#FFFFFF	678
666	#FFFFFF	678
667	#FFFFFF	17
668	#FFFFFF	17
669	#FFFFFF	17
670	#FFFFFF	17
671	#FFFFFF	17
672	#FFFFFF	17
673	#FFFFFF	17
674	#FFFFFF	17
675	#FFFFFF	17
676	#FFFFFF	166
677	#FFFFFF	166
678	#FFFFFF	17
679	#FFFFFF	17
680	#FFFFFF	17
681	#FFFFFF	17
682	#FFFFFF	17
683	#FFFFFF	17
684	#FFFFFF	166
685	#FFFFFF	166
686	#FFFFFF	166
687	#FFFFFF	166
688	#FFFFFF	166
689	#FFFFFF	17
690	#FFFFFF	17
691	#FFFFFF	17
692	#FFFFFF	17
693	#FFFFFF	17
694	#FFFFFF	17
695	#FFFFFF	17
696	#FFFFFF	17
697	#FFFFFF	17
698	#FFFFFF	17
699	#FFFFFF	17
700	#FFFFFF	17
701	#FFFFFF	17
702	#FFFFFF	17
704	#FFFFFF	17
705	#FFFFFF	17
706	#FFFFFF	17
707	#FFFFFF	17
709	#FFFFFF	17
710	#FFFFFF	17
711	#FFFFFF	17
712	#FFFFFF	17
713	#FFFFFF	678
714	#FFFFFF	678
715	#FFFFFF	678
716	#FFFFFF	678
717	#FFFFFF	17
718	#FFFFFF	17
719	#FFFFFF	17
720	#FFFFFF	17
721	#FFFFFF	17
722	#FFFFFF	17
723	#FFFFFF	17
724	#FFFFFF	17
725	#FFFFFF	17
726	#FFFFFF	17
727	#FFFFFF	166
728	#FFFFFF	17
729	#FFFFFF	17
730	#FFFFFF	17
731	#FFFFFF	17
732	#FFFFFF	17
733	#FFFFFF	17
734	#FFFFFF	17
735	#FFFFFF	166
736	#FFFFFF	17
737	#FFFFFF	166
738	#FFFFFF	166
739	#FFFFFF	17
740	#FFFFFF	17
741	#FFFFFF	17
742	#FFFFFF	17
743	#FFFFFF	17
744	#FFFFFF	17
745	#FFFFFF	17
746	#FFFFFF	17
747	#FFFFFF	17
748	#FFFFFF	17
749	#FFFFFF	17
750	#FFFFFF	17
751	#FFFFFF	17
752	#FFFFFF	17
754	#FFFFFF	17
755	#FFFFFF	17
756	#FFFFFF	17
757	#FFFFFF	17
759	#FFFFFF	17
760	#FFFFFF	17
761	#FFFFFF	17
762	#FFFFFF	17
763	#FFFFFF	678
764	#FFFFFF	678
765	#FFFFFF	678
766	#FFFFFF	678
767	#FFFFFF	17
768	#FFFFFF	17
769	#FFFFFF	17
770	#FFFFFF	17
771	#FFFFFF	17
772	#FFFFFF	17
773	#FFFFFF	17
774	#FFFFFF	678
775	#FFFFFF	17
776	#FFFFFF	678
777	#FFFFFF	17
778	#FFFFFF	17
779	#FFFFFF	17
780	#FFFFFF	17
781	#FFFFFF	17
782	#FFFFFF	17
783	#FFFFFF	17
784	#FFFFFF	17
785	#FFFFFF	17
786	#FFFFFF	17
787	#FFFFFF	17
788	#FFFFFF	166
789	#FFFFFF	17
790	#FFFFFF	166
791	#FFFFFF	17
792	#FFFFFF	17
793	#FFFFFF	17
794	#FFFFFF	17
795	#FFFFFF	17
796	#FFFFFF	17
797	#FFFFFF	17
798	#FFFFFF	17
799	#FFFFFF	17
800	#FFFFFF	17
801	#FFFFFF	17
802	#FFFFFF	17
803	#FFFFFF	17
804	#FFFFFF	17
806	#FFFFFF	17
807	#FFFFFF	17
808	#FFFFFF	17
810	#FFFFFF	17
811	#FFFFFF	17
812	#FFFFFF	17
813	#FFFFFF	678
814	#FFFFFF	678
815	#FFFFFF	678
816	#FFFFFF	678
817	#FFFFFF	678
818	#FFFFFF	17
819	#FFFFFF	17
820	#FFFFFF	17
821	#FFFFFF	17
822	#FFFFFF	17
823	#FFFFFF	17
824	#FFFFFF	17
825	#FFFFFF	678
826	#FFFFFF	17
827	#FFFFFF	678
828	#FFFFFF	17
829	#FFFFFF	17
830	#FFFFFF	17
831	#FFFFFF	17
832	#FFFFFF	17
833	#FFFFFF	17
834	#FFFFFF	17
835	#FFFFFF	17
836	#FFFFFF	17
837	#FFFFFF	17
838	#FFFFFF	166
839	#FFFFFF	166
840	#FFFFFF	166
841	#FFFFFF	166
842	#FFFFFF	17
843	#FFFFFF	17
844	#FFFFFF	17
845	#FFFFFF	17
846	#FFFFFF	17
847	#FFFFFF	17
848	#FFFFFF	17
849	#FFFFFF	17
850	#FFFFFF	17
851	#FFFFFF	17
852	#FFFFFF	17
853	#FFFFFF	17
854	#FFFFFF	17
856	#FFFFFF	17
857	#FFFFFF	17
858	#FFFFFF	17
860	#FFFFFF	17
861	#FFFFFF	17
862	#FFFFFF	17
863	#FFFFFF	17
864	#FFFFFF	17
865	#FFFFFF	678
866	#FFFFFF	678
867	#FFFFFF	678
868	#FFFFFF	678
869	#FFFFFF	17
870	#FFFFFF	17
871	#FFFFFF	17
872	#FFFFFF	17
873	#FFFFFF	17
874	#FFFFFF	17
875	#FFFFFF	678
876	#FFFFFF	678
877	#FFFFFF	678
878	#FFFFFF	678
879	#FFFFFF	17
880	#FFFFFF	17
881	#FFFFFF	17
882	#FFFFFF	17
883	#FFFFFF	17
884	#FFFFFF	17
885	#FFFFFF	17
886	#FFFFFF	17
887	#FFFFFF	17
888	#FFFFFF	17
889	#FFFFFF	17
890	#FFFFFF	166
891	#FFFFFF	166
892	#FFFFFF	17
893	#FFFFFF	166
894	#FFFFFF	17
895	#FFFFFF	17
896	#FFFFFF	17
897	#FFFFFF	17
898	#FFFFFF	17
899	#FFFFFF	17
900	#FFFFFF	17
901	#FFFFFF	17
902	#FFFFFF	17
903	#FFFFFF	17
904	#FFFFFF	17
905	#FFFFFF	17
906	#FFFFFF	17
908	#FFFFFF	17
909	#FFFFFF	17
911	#FFFFFF	17
912	#FFFFFF	17
913	#FFFFFF	17
914	#FFFFFF	17
915	#FFFFFF	17
916	#FFFFFF	678
917	#FFFFFF	678
918	#FFFFFF	678
919	#FFFFFF	678
920	#FFFFFF	17
921	#FFFFFF	17
922	#FFFFFF	17
923	#FFFFFF	17
924	#FFFFFF	17
925	#FFFFFF	678
926	#FFFFFF	678
927	#FFFFFF	678
928	#FFFFFF	678
929	#FFFFFF	678
930	#FFFFFF	17
931	#FFFFFF	17
932	#FFFFFF	17
933	#FFFFFF	17
934	#FFFFFF	17
935	#FFFFFF	17
936	#FFFFFF	17
937	#FFFFFF	17
938	#FFFFFF	17
939	#FFFFFF	17
940	#FFFFFF	17
941	#FFFFFF	166
942	#FFFFFF	166
943	#FFFFFF	166
944	#FFFFFF	17
945	#FFFFFF	17
946	#FFFFFF	17
947	#FFFFFF	17
948	#FFFFFF	17
949	#FFFFFF	17
950	#FFFFFF	17
951	#FFFFFF	17
952	#FFFFFF	17
953	#FFFFFF	17
954	#FFFFFF	17
955	#FFFFFF	17
956	#FFFFFF	17
958	#FFFFFF	17
959	#FFFFFF	17
961	#FFFFFF	17
962	#FFFFFF	17
963	#FFFFFF	17
964	#FFFFFF	17
965	#FFFFFF	17
966	#FFFFFF	678
967	#FFFFFF	678
968	#FFFFFF	678
969	#FFFFFF	17
970	#FFFFFF	17
971	#FFFFFF	17
972	#FFFFFF	17
973	#FFFFFF	17
974	#FFFFFF	17
975	#FFFFFF	17
976	#FFFFFF	678
977	#FFFFFF	678
978	#FFFFFF	678
979	#FFFFFF	678
980	#FFFFFF	17
981	#FFFFFF	17
982	#FFFFFF	17
983	#FFFFFF	17
984	#FFFFFF	17
985	#FFFFFF	17
986	#FFFFFF	17
987	#FFFFFF	17
988	#FFFFFF	17
989	#FFFFFF	17
990	#FFFFFF	17
991	#FFFFFF	166
992	#FFFFFF	166
993	#FFFFFF	166
994	#FFFFFF	17
995	#FFFFFF	17
996	#FFFFFF	17
997	#FFFFFF	17
998	#FFFFFF	17
999	#FFFFFF	17
1000	#FFFFFF	17
1001	#FFFFFF	17
1002	#FFFFFF	17
1003	#FFFFFF	17
1004	#FFFFFF	17
1005	#FFFFFF	17
1006	#FFFFFF	17
1007	#FFFFFF	17
1008	#FFFFFF	17
1010	#FFFFFF	678
1012	#FFFFFF	17
1013	#FFFFFF	17
1014	#FFFFFF	17
1015	#FFFFFF	17
1016	#FFFFFF	678
1017	#FFFFFF	678
1018	#FFFFFF	678
1019	#FFFFFF	678
1020	#FFFFFF	17
1021	#FFFFFF	17
1022	#FFFFFF	17
1023	#FFFFFF	17
1024	#FFFFFF	17
1025	#FFFFFF	678
1026	#FFFFFF	678
1027	#FFFFFF	17
1028	#FFFFFF	17
1029	#FFFFFF	17
1030	#FFFFFF	17
1031	#FFFFFF	17
1032	#FFFFFF	17
1033	#FFFFFF	17
1034	#FFFFFF	17
1035	#FFFFFF	17
1036	#FFFFFF	17
1037	#FFFFFF	17
1038	#FFFFFF	17
1039	#FFFFFF	17
1040	#FFFFFF	17
1041	#FFFFFF	17
1042	#FFFFFF	17
1043	#FFFFFF	17
1044	#FFFFFF	166
1045	#FFFFFF	17
1046	#FFFFFF	17
1047	#FFFFFF	17
1048	#FFFFFF	17
1049	#FFFFFF	17
1050	#FFFFFF	17
1051	#FFFFFF	17
1052	#FFFFFF	17
1053	#FFFFFF	17
1054	#FFFFFF	17
1055	#FFFFFF	17
1056	#FFFFFF	17
1057	#FFFFFF	17
1058	#FFFFFF	17
1060	#FFFFFF	678
1062	#FFFFFF	17
1063	#FFFFFF	17
1064	#FFFFFF	17
1065	#FFFFFF	17
1066	#FFFFFF	678
1067	#FFFFFF	678
1068	#FFFFFF	678
1069	#FFFFFF	678
1070	#FFFFFF	678
1071	#FFFFFF	17
1072	#FFFFFF	17
1073	#FFFFFF	17
1074	#FFFFFF	17
1075	#FFFFFF	678
1076	#FFFFFF	678
1077	#FFFFFF	17
1078	#FFFFFF	17
1079	#FFFFFF	17
1080	#FFFFFF	17
1081	#FFFFFF	17
1082	#FFFFFF	17
1083	#FFFFFF	17
1084	#FFFFFF	17
1085	#FFFFFF	17
1086	#FFFFFF	17
1087	#FFFFFF	17
1088	#FFFFFF	17
1089	#FFFFFF	17
1090	#FFFFFF	17
1091	#FFFFFF	17
1092	#FFFFFF	17
1093	#FFFFFF	17
1094	#FFFFFF	17
1095	#FFFFFF	17
1096	#FFFFFF	17
1097	#FFFFFF	17
1098	#FFFFFF	17
1099	#FFFFFF	17
1100	#FFFFFF	17
1101	#FFFFFF	17
1102	#FFFFFF	17
1103	#FFFFFF	17
1104	#FFFFFF	17
1105	#FFFFFF	17
1106	#FFFFFF	17
1107	#FFFFFF	17
1108	#FFFFFF	17
1109	#FFFFFF	17
1110	#FFFFFF	17
1113	#FFFFFF	17
1114	#FFFFFF	17
1115	#FFFFFF	678
1116	#FFFFFF	678
1117	#FFFFFF	678
1118	#FFFFFF	678
1119	#FFFFFF	678
1120	#FFFFFF	678
1121	#FFFFFF	17
1122	#FFFFFF	17
1123	#FFFFFF	17
1124	#FFFFFF	678
1125	#FFFFFF	17
1126	#FFFFFF	678
1127	#FFFFFF	678
1128	#FFFFFF	17
1129	#FFFFFF	17
1130	#FFFFFF	17
1131	#FFFFFF	17
1132	#FFFFFF	17
1133	#FFFFFF	17
1134	#FFFFFF	17
1135	#FFFFFF	17
1136	#FFFFFF	17
1137	#FFFFFF	17
1138	#FFFFFF	17
1139	#FFFFFF	17
1140	#FFFFFF	17
1141	#FFFFFF	17
1142	#FFFFFF	17
1143	#FFFFFF	17
1144	#FFFFFF	17
1145	#FFFFFF	17
1146	#FFFFFF	17
1147	#FFFFFF	17
1148	#FFFFFF	17
1149	#FFFFFF	17
1150	#FFFFFF	17
1151	#FFFFFF	17
1152	#FFFFFF	17
1153	#FFFFFF	17
1154	#FFFFFF	17
1155	#FFFFFF	17
1156	#FFFFFF	17
1157	#FFFFFF	17
1158	#FFFFFF	17
1159	#FFFFFF	17
1160	#FFFFFF	678
1163	#FFFFFF	17
1164	#FFFFFF	17
1165	#FFFEFF	139
1166	#FFFEFF	139
1167	#FFFEFF	139
1168	#FFFEFF	139
1169	#FFFEFF	139
1170	#FFFFFF	17
1171	#FFFFFF	17
1172	#FFFFFF	17
1173	#FFFFFF	17
1174	#FFFFFF	17
1175	#FFFFFF	17
1176	#FFFFFF	17
1177	#FFFFFF	17
1178	#FFFFFF	17
1179	#FFFFFF	17
1180	#FFFFFF	17
1181	#FFFFFF	166
1182	#FFFFFF	166
1183	#FFFFFF	166
1184	#FFFFFF	166
1185	#FFFFFF	166
1186	#FFFFFF	17
1187	#FFFFFF	166
1188	#FFFFFF	166
1189	#FFFFFF	166
1190	#FFFFFF	166
1191	#FFFFFF	17
1192	#FFFFFF	17
1193	#FFFFFF	17
1194	#FFFFFF	17
1195	#FFFFFF	17
1196	#FFFFFF	17
1197	#FFFFFF	17
1198	#FFFFFF	17
1199	#FFFFFF	9
1200	#FFFFFF	17
1201	#FFFFFF	17
1202	#FFFFFF	9
1203	#FFFFFF	9
1204	#FFFFFF	9
1205	#FFFFFF	9
1206	#FFFFFF	9
1207	#FFFFFF	9
1208	#FFFFFF	17
1209	#FFFEFF	139
1210	#FFFEFF	139
1212	#FFFEFF	139
1214	#FFFFFF	17
1215	#FFFFFF	17
1216	#FFFEFF	139
1217	#FFFEFF	139
1218	#FFFEFF	139
1219	#FFFEFF	139
1220	#FFFEFF	139
1221	#FFFFFF	17
1222	#FFFEFF	139
1223	#FFFFFF	17
1224	#FFFFFF	17
1225	#FFFFFF	17
1226	#FFFFFF	17
1227	#FFFFFF	17
1228	#FFFFFF	17
1229	#FFFFFF	17
1230	#FFFFFF	166
1231	#FFFFFF	17
1232	#FFFFFF	166
1233	#FFFFFF	166
1234	#FFFFFF	166
1235	#FFFFFF	166
1236	#FFFFFF	166
1237	#FFFFFF	17
1238	#FFFFFF	166
1239	#FFFFFF	166
1240	#FFFFFF	166
1241	#FFFFFF	17
1242	#FFFFFF	17
1243	#FFFFFF	17
1244	#FFFFFF	17
1245	#FFFFFF	17
1246	#FFFFFF	17
1247	#FFFFFF	17
1248	#FFFFFF	17
1249	#FFFFFF	9
1250	#FFFFFF	9
1251	#FFFFFF	9
1252	#FFFFFF	9
1253	#FFFFFF	9
1254	#FFFFFF	9
1255	#FFFFFF	9
1256	#FFFFFF	9
1257	#FFFFFF	9
1258	#FFFFFF	17
1259	#FFFEFF	139
1261	#FFFEFF	139
1262	#FFFEFF	139
1264	#FFFFFF	17
1265	#FFFFFF	17
1267	#FFFFFF	678
1268	#FFFFFF	678
1269	#FFFFFF	678
1270	#FFFFFF	678
1271	#FFFFFF	678
1272	#FFFFFF	678
1273	#FFFFFF	17
1274	#FFFFFF	17
1275	#FFFFFF	678
1276	#FFFFFF	17
1277	#FFFFFF	678
1278	#FFFFFF	678
1279	#FFFFFF	678
1280	#FFFFFF	678
1281	#FFFFFF	678
1282	#FFFFFF	678
1283	#FFFFFF	17
1284	#FFFFFF	678
1285	#FFFFFF	17
1286	#FFFFFF	17
1287	#FFFFFF	17
1288	#FFFFFF	17
1289	#FFFFFF	17
1290	#FFFFFF	17
1291	#FFFFFF	17
1292	#FFFFFF	17
1293	#FFFFFF	17
1294	#FFFFFF	17
1295	#FFFFFF	17
1296	#FFFFFF	17
1297	#FFFFFF	17
1298	#FFFFFF	17
1299	#FFFFFF	17
1300	#FFFFFF	17
1301	#FFFFFF	17
1302	#FFFFFF	17
1303	#FFFFFF	17
1304	#FFFFFF	17
1305	#FFFFFF	17
1306	#FFFFFF	17
1307	#FFFFFF	17
1308	#FFFFFF	17
1309	#FFFFFF	17
1310	#FFFFFF	17
1311	#FFFFFF	17
1312	#FFFFFF	17
1313	#FFFFFF	678
1315	#FFFFFF	17
1316	#FFFFFF	17
1318	#FFFFFF	678
1319	#FFFFFF	678
1320	#FFFFFF	678
1321	#FFFFFF	678
1322	#FFFFFF	678
1323	#FFFFFF	678
1324	#FFFFFF	678
1325	#FFFFFF	17
1326	#FFFFFF	678
1327	#FFFFFF	17
1328	#FFFFFF	678
1329	#FFFFFF	678
1330	#FFFFFF	678
1331	#FFFFFF	678
1332	#FFFFFF	678
1333	#FFFFFF	678
1334	#FFFFFF	678
1335	#FFFFFF	17
1336	#FFFFFF	678
1337	#FFFFFF	17
1338	#FFFFFF	17
1339	#FFFFFF	17
1340	#FFFFFF	17
1341	#FFFFFF	17
1342	#FFFFFF	17
1343	#FFFFFF	17
1344	#FFFFFF	17
1345	#FFFFFF	17
1346	#FFFFFF	17
1347	#FFFFFF	17
1348	#FFFFFF	17
1349	#FFFFFF	17
1350	#FFFFFF	17
1351	#FFFFFF	17
1352	#FFFFFF	17
1353	#FFFFFF	17
1354	#FFFFFF	17
1355	#FFFFFF	17
1356	#FFFFFF	17
1357	#FFFFFF	559
1358	#FFFFFF	17
1359	#FFFFFF	17
1360	#FFFFFF	17
1361	#FFFFFF	17
1362	#FFFFFF	678
1363	#FFFFFF	678
1365	#FFFFFF	17
1366	#FFFFFF	17
1367	#FFFFFF	678
1369	#FFFFFF	678
1370	#FFFFFF	678
1371	#FFFFFF	678
1372	#FFFFFF	678
1373	#FFFFFF	678
1374	#FFFFFF	678
1375	#FFFFFF	678
1376	#FFFFFF	678
1377	#FFFFFF	17
1378	#FFFFFF	678
1379	#FFFFFF	678
1380	#FFFFFF	678
1381	#FFFFFF	678
1382	#FFFFFF	678
1383	#FFFFFF	678
1384	#FFFFFF	678
1385	#FFFFFF	17
1386	#FFFFFF	678
1387	#FFFFFF	678
1388	#FFFFFF	17
1389	#FFFFFF	17
1390	#FFFFFF	17
1391	#FFFFFF	17
1392	#FFFFFF	17
1393	#FFFFFF	17
1394	#FFFFFF	17
1395	#FFFFFF	17
1396	#FFFFFF	17
1397	#FFFFFF	17
1398	#FFFFFF	17
1399	#FFFFFF	17
1400	#FFFFFF	17
1401	#FFFFFF	17
1402	#FFFFFF	17
1403	#FFFFFF	17
1404	#FFFFFF	17
1405	#FFFFFF	17
1406	#FFFFFF	17
1407	#FFFFFF	17
1408	#FFFFFF	559
1409	#FFFFFF	17
1410	#FFFFFF	17
1411	#FFFFFF	17
1412	#FFFFFF	17
1413	#FFFFFF	17
1414	#FFFFFF	17
1416	#FFFFFF	17
1417	#FFFFFF	17
1418	#FFFFFF	678
1420	#FFFFFF	678
1421	#FFFFFF	678
1422	#FFFFFF	678
1423	#FFFFFF	678
1424	#FFFFFF	678
1425	#FFFFFF	678
1426	#FFFFFF	678
1427	#FFFFFF	678
1428	#FFFFFF	17
1429	#FFFFFF	678
1430	#FFFFFF	678
1431	#FFFFFF	678
1432	#FFFFFF	678
1433	#FFFFFF	678
1434	#FFFFFF	678
1435	#FFFFFF	17
1436	#FFFFFF	17
1437	#FFFFFF	678
1438	#FFFFFF	17
1439	#FFFFFF	17
1440	#FFFFFF	17
1441	#FFFFFF	17
1442	#FFFFFF	17
1443	#FFFFFF	17
1444	#FFFFFF	17
1445	#FFFFFF	17
1446	#FFFFFF	17
1447	#FFFFFF	17
1448	#FFFFFF	17
1449	#FFFFFF	17
1450	#FFFFFF	17
1451	#FFFFFF	17
1452	#FFFFFF	17
1453	#FFFFFF	17
1454	#FFFFFF	17
1455	#FFFFFF	17
1456	#FFFFFF	17
1457	#FFFFFF	17
1458	#FFFFFF	559
1459	#FFFFFF	559
1460	#FFFFFF	17
1461	#FFFFFF	17
1462	#FFFFFF	678
1463	#FFFFFF	17
1464	#FFFFFF	678
1466	#FFFFFF	17
1467	#FFFFFF	17
1468	#FFFFFF	678
1469	#FFFFFF	678
1471	#FFFFFF	678
1472	#FFFFFF	678
1473	#FFFFFF	678
1474	#FFFFFF	678
1475	#FFFFFF	678
1476	#FFFFFF	678
1477	#FFFFFF	678
1478	#FFFFFF	17
1479	#FFFFFF	678
1480	#FFFFFF	678
1481	#FFFFFF	678
1482	#FFFFFF	678
1483	#FFFFFF	678
1484	#FFFFFF	17
1485	#FFFFFF	17
1486	#FFFFFF	678
1487	#FFFFFF	678
1488	#FFFFFF	17
1489	#FFFFFF	17
1490	#FFFFFF	17
1491	#FFFFFF	17
1492	#FFFFFF	17
1493	#FFFFFF	17
1494	#FFFFFF	17
1495	#FFFFFF	17
1496	#FFFFFF	17
1497	#FFFFFF	17
1498	#FFFFFF	17
1499	#FFFFFF	17
1500	#FFFFFF	17
1501	#FFFFFF	17
1502	#FFFFFF	17
1503	#FFFFFF	17
1504	#FFFFFF	17
1505	#FFFFFF	17
1506	#FFFFFF	559
1507	#FFFFFF	17
1508	#FFFFFF	17
1509	#FFFFFF	17
1510	#FFFFFF	559
1511	#FFFFFF	17
1512	#FFFFFF	17
1513	#FFFFFF	17
1514	#FFFFFF	678
1515	#FFFFFF	678
1517	#FFFFFF	17
1518	#FFFFFF	17
1519	#FFFFFF	678
1520	#FFFFFF	678
1522	#FFFFFF	17
1523	#FFFFFF	17
1524	#FFFFFF	17
1525	#FFFFFF	678
1526	#FFFFFF	678
1527	#FFFFFF	678
1528	#FFFFFF	678
1529	#FFFFFF	17
1530	#FFFFFF	678
1531	#FFFFFF	678
1532	#FFFFFF	678
1533	#FFFFFF	678
1534	#FFFFFF	678
1535	#FFFFFF	17
1536	#FFFFFF	678
1537	#FFFFFF	678
1538	#FFFFFF	17
1539	#FFFFFF	17
1540	#FFFFFF	17
1541	#FFFFFF	17
1542	#FFFFFF	17
1543	#FFFFFF	17
1544	#FFFFFF	17
1545	#FFFFFF	17
1546	#FFFFFF	17
1547	#FFFFFF	17
1548	#FFFFFF	17
1549	#FFFFFF	17
1550	#FFFFFF	17
1551	#FFFFFF	17
1552	#FFFFFF	17
1553	#FFFFFF	17
1554	#FFFFFF	17
1555	#FFFFFF	17
1556	#FFFFFF	559
1557	#FFFFFF	559
1558	#FFFFFF	559
1559	#FFFFFF	17
1560	#FFFFFF	559
1561	#FFFFFF	17
1562	#FFFFFF	17
1563	#FFFFFF	678
1564	#FFFFFF	678
1565	#FFFFFF	678
1567	#FFFFFF	17
1568	#FFFFFF	17
1569	#FFFFFF	17
1570	#FFFFFF	678
1571	#FFFFFF	678
1573	#FFFFFF	17
1574	#FFFFFF	17
1575	#FFFFFF	17
1576	#FFFFFF	678
1577	#FFFFFF	678
1578	#FFFFFF	678
1579	#FFFFFF	17
1580	#FFFFFF	678
1581	#FFFFFF	678
1582	#FFFFFF	678
1583	#FFFFFF	678
1584	#FFFFFF	678
1585	#FFFFFF	678
1586	#FFFFFF	678
1587	#FFFFFF	678
1588	#FFFFFF	678
1589	#FFFFFF	678
1590	#FFFFFF	17
1591	#FFFFFF	17
1592	#FFFFFF	17
1593	#FFFFFF	17
1594	#FFFFFF	17
1595	#FFFFFF	17
1596	#FFFFFF	17
1597	#FFFFFF	17
1598	#FFFFFF	17
1599	#FFFFFF	17
1600	#FFFFFF	17
1601	#FFFFFF	17
1602	#FFFFFF	17
1603	#FFFFFF	17
1604	#FFFFFF	17
1605	#FFFFFF	17
1606	#FFFFFF	17
1607	#FFFFFF	559
1608	#FFFFFF	559
1609	#FFFFFF	559
1610	#FFFFFF	17
1611	#FFFFFF	559
1612	#FFFFFF	17
1613	#FFFFFF	17
1614	#FFFFFF	678
1615	#FFFFFF	678
1616	#FFFFFF	678
1618	#FFFFFF	17
1619	#FFFFFF	17
1620	#FFFFFF	17
1621	#FFFFFF	17
1622	#FFFFFF	678
1624	#FFFFFF	17
1625	#FFFFFF	17
1626	#FFFFFF	17
1627	#FFFFFF	17
1628	#FFFFFF	678
1629	#FFFFFF	678
1630	#FFFFFF	17
1631	#FFFFFF	678
1632	#FFFFFF	678
1633	#FFFFFF	678
1634	#FFFFFF	678
1635	#FFFFFF	678
1636	#FFFFFF	678
1637	#FFFFFF	678
1638	#FFFFFF	678
1639	#FFFFFF	678
1640	#FFFFFF	17
1641	#FFFFFF	17
1642	#FFFFFF	17
1643	#FFFFFF	17
1644	#FFFFFF	17
1645	#FFFFFF	17
1646	#FFFFFF	17
1647	#FFFFFF	17
1648	#FFFFFF	17
1649	#FFFFFF	17
1650	#FFFFFF	17
1651	#FFFFFF	17
1652	#FFFFFF	17
1653	#FFFFFF	17
1654	#FFFFFF	17
1655	#FFFFFF	17
1656	#FFFFFF	17
1657	#FFFFFF	17
1658	#FFFFFF	17
1659	#FFFFFF	17
1660	#FFFFFF	559
1661	#FFFFFF	559
1662	#FFFFFF	17
1663	#FFFFFF	17
1664	#FFFFFF	678
1665	#FFFFFF	678
1666	#FFFFFF	17
1668	#FFFFFF	17
1669	#FFFFFF	17
1670	#FFFFFF	17
1671	#FFFFFF	17
1672	#FFFFFF	17
1673	#FFFFFF	17
1675	#FFFFFF	17
1676	#FFFFFF	17
1677	#FFFFFF	17
1678	#FFFFFF	678
1679	#FFFFFF	678
1680	#FFFFFF	17
1681	#FFFFFF	678
1682	#FFFFFF	678
1683	#FFFFFF	678
1684	#FFFFFF	678
1685	#FFFFFF	678
1686	#FFFFFF	678
1687	#FFFFFF	678
1688	#FFFFFF	678
1689	#FFFFFF	678
1690	#FFFFFF	17
1691	#FFFFFF	17
1692	#FFFFFF	17
1693	#FFFFFF	17
1694	#FFFFFF	17
1695	#FFFFFF	17
1696	#FFFFFF	17
1697	#FFFFFF	17
1698	#FFFFFF	17
1699	#FFFFFF	17
1700	#FFFFFF	17
1701	#FFFFFF	17
1702	#FFFFFF	17
1703	#FFFFFF	17
1704	#FFFFFF	17
1705	#FFFFFF	17
1706	#FFFFFF	17
1707	#FFFFFF	17
1708	#FFFFFF	17
1709	#FFFFFF	17
1710	#FFFFFF	559
1711	#FFFFFF	559
1712	#FFFFFF	559
1713	#FFFFFF	17
1714	#FFFFFF	17
1715	#FFFFFF	678
1716	#FFFFFF	678
1717	#FFFFFF	17
1719	#FFFFFF	17
1720	#FFFFFF	17
1721	#FFFCFD	398
1722	#FFFFFF	17
1723	#FFFFFF	17
1724	#FFFFFF	17
1726	#FFFFFF	17
1727	#FFFFFF	678
1728	#FFFFFF	678
1729	#FFFFFF	678
1730	#FFFFFF	678
1731	#FFFFFF	17
1732	#FFFFFF	678
1733	#FFFFFF	678
1734	#FFFFFF	678
1735	#FFFFFF	678
1736	#FFFFFF	678
1737	#FFFFFF	678
1738	#FFFFFF	678
1739	#FFFFFF	678
1740	#FFFFFF	678
1741	#FFFFFF	17
1742	#FFFFFF	17
1743	#FFFFFF	17
1744	#FFFFFF	17
1745	#FFFFFF	17
1746	#FFFFFF	17
1747	#FFFFFF	17
1748	#FFFFFF	17
1749	#FFFFFF	17
1750	#FFFFFF	17
1751	#FFFFFF	17
1752	#FFFFFF	17
1753	#FFFFFF	17
1754	#FFFFFF	17
1755	#FFFFFF	17
1756	#FFFFFF	17
1757	#FFFFFF	17
1758	#FFFFFF	17
1759	#FFFFFF	17
1760	#FFFFFF	17
1761	#FFFFFF	559
1762	#FFFFFF	559
1763	#FFFFFF	17
1764	#FFFFFF	17
1765	#FFFFFF	17
1766	#FFFFFF	17
1767	#FFFFFF	17
1769	#FFFFFF	17
1770	#FFFFFF	17
1771	#FFFCFD	398
1772	#FFFCFD	398
1773	#FFFCFD	398
1774	#FFFFFF	17
1775	#FFFFFF	678
1777	#FFFFFF	678
1778	#FFFFFF	678
1779	#FFFFFF	678
1780	#FFFFFF	678
1781	#FFFFFF	17
1782	#FFFFFF	678
1783	#FFFFFF	678
1784	#FFFFFF	678
1785	#FFFFFF	678
1786	#FFFFFF	678
1787	#FFFFFF	678
1788	#FFFFFF	17
1789	#FFFFFF	17
1790	#FFFFFF	678
1791	#FFFFFF	17
1792	#FFFFFF	17
1793	#FFFFFF	17
1794	#FFFFFF	17
1795	#FFFFFF	17
1796	#FFFFFF	17
1797	#FFFFFF	17
1798	#FFFFFF	17
1799	#FFFFFF	17
1800	#FFFFFF	17
1801	#FFFFFF	17
1802	#FFFFFF	17
1803	#FFFFFF	17
1804	#FFFFFF	17
1805	#FFFFFF	17
1806	#FFFFFF	17
1807	#FFFFFF	17
1808	#FFFFFF	17
1809	#FFFFFF	17
1810	#FFFFFF	17
1811	#FFFFFF	559
1812	#FFFFFF	559
1813	#FFFFFF	559
1814	#FFFFFF	17
1815	#FFFFFF	17
1816	#FFFFFF	17
1817	#FFFFFF	17
1818	#FFFFFF	17
1820	#FFFFFF	17
1821	#FFFFFF	17
1822	#FFFCFD	398
1823	#FFFCFD	398
1824	#FFFFFF	17
1825	#FFFFFF	678
1826	#FFFFFF	678
1828	#FFFFFF	678
1829	#FFFFFF	678
1830	#FFFFFF	17
1831	#FFFFFF	678
1832	#FFFFFF	17
1833	#FFFFFF	17
1834	#FFFFFF	678
1835	#FFFFFF	678
1836	#FFFFFF	678
1837	#FFFFFF	678
1838	#FFFFFF	17
1839	#FFFFFF	17
1840	#FFFFFF	17
1841	#FFFFFF	678
1842	#FFFFFF	17
1843	#FFFFFF	17
1844	#FFFFFF	17
1845	#FFFFFF	17
1846	#FFFFFF	17
1847	#FFFFFF	17
1848	#FFFFFF	17
1849	#FFFFFF	17
1850	#FFFFFF	17
1851	#FFFFFF	17
1852	#FFFFFF	17
1853	#FFFFFF	17
1854	#FFFFFF	17
1855	#FFFFFF	17
1856	#FFFFFF	17
1857	#FFFFFF	17
1858	#FFFFFF	17
1859	#FFFFFF	17
1860	#FFFFFF	17
1861	#FFFFFF	17
1862	#FFFFFF	559
1863	#FFFFFF	559
1864	#FFFFFF	17
1865	#FFFFFF	17
1866	#FFFFFF	17
1867	#FFFFFF	17
1868	#FFFFFF	17
1870	#FFFFFF	17
1871	#FFFFFF	17
1872	#FFFCFD	398
1873	#FFFCFD	398
1874	#FFFFFF	678
1875	#FFFFFF	17
1876	#FFFFFF	678
1877	#FFFFFF	678
1879	#FFFFFF	678
1880	#FFFFFF	17
1881	#FFFFFF	17
1882	#FFFFFF	17
1883	#FFFFFF	17
1884	#FFFFFF	17
1885	#FFFFFF	17
1886	#FFFFFF	678
1887	#FFFFFF	678
1888	#FFFFFF	17
1889	#FFFFFF	17
1890	#FFFFFF	17
1891	#FFFFFF	17
1892	#FFFFFF	678
1893	#FFFFFF	17
1894	#FFFFFF	17
1895	#FFFFFF	17
1896	#FFFFFF	17
1897	#FFFFFF	17
1898	#FFFFFF	17
1899	#FFFFFF	17
1900	#FFFFFF	17
1901	#FFFFFF	17
1902	#FFFFFF	17
1903	#FFFFFF	17
1904	#FFFFFF	17
1905	#FFFFFF	17
1906	#FFFFFF	17
1907	#FFFFFF	17
1908	#FFFFFF	17
1909	#FFFFFF	17
1910	#FFFFFF	17
1911	#FFFFFF	17
1912	#FFFFFF	559
1913	#FFFFFF	559
1914	#FFFFFF	559
1915	#FFFFFF	17
1916	#FFFFFF	17
1917	#FFFFFF	17
1918	#FFFFFF	17
1919	#FFFFFF	17
1921	#FFFFFF	17
1922	#FFFFFF	17
1923	#FFFCFD	398
1924	#FFFFFF	678
1925	#FFFFFF	678
1926	#FFFFFF	678
1927	#FFFFFF	678
1928	#FFFFFF	678
1930	#FFFFFF	678
1931	#FFFFFF	17
1932	#FFFFFF	17
1933	#FFFFFF	17
1934	#FFFFFF	17
1935	#FFFFFF	17
1936	#FFFFFF	678
1937	#FFFFFF	678
1938	#FFFFFF	678
1939	#FFFFFF	17
1940	#FFFFFF	17
1941	#FFFFFF	17
1942	#FFFFFF	678
1943	#FFFFFF	678
1944	#FFFFFF	17
1945	#FFFFFF	17
1946	#FFFFFF	17
1947	#FFFFFF	17
1948	#FFFFFF	17
1949	#FFFFFF	17
1950	#FFFFFF	17
1951	#FFFFFF	17
1952	#FFFFFF	17
1953	#FFFFFF	17
1954	#FFFFFF	17
1955	#FFFFFF	17
1956	#FFFFFF	17
1957	#FFFFFF	17
1958	#FFFFFF	17
1959	#FFFFFF	17
1960	#FFFFFF	17
1961	#FFFFFF	17
1962	#FFFFFF	559
1963	#FFFFFF	559
1964	#FFFFFF	559
1965	#FFFFFF	17
1966	#FFFFFF	17
1967	#FFFFFF	17
1968	#FFFFFF	17
1969	#FFFFFF	17
1971	#FFFFFF	17
1972	#FFFFFF	17
1973	#FFFCFD	398
1974	#FFFCFD	398
1975	#FFFFFF	17
1976	#FFFFFF	678
1977	#FFFFFF	678
1978	#FFFFFF	17
1979	#FFFFFF	678
1981	#FFFFFF	17
1982	#FFFFFF	17
1983	#FFFFFF	17
1984	#FFFFFF	17
1985	#FFFFFF	17
1986	#FFFFFF	17
1987	#FFFFFF	678
1988	#FFFFFF	678
1989	#FFFFFF	678
1990	#FFFFFF	17
1991	#FFFFFF	17
1992	#FFFFFF	17
1993	#FFFFFF	17
1994	#FFFFFF	17
1995	#FFFFFF	17
1996	#FFFFFF	17
1997	#FFFFFF	17
1998	#FFFFFF	17
1999	#FFFFFF	17
2000	#FFFFFF	17
2001	#FFFFFF	17
2002	#FFFFFF	17
2003	#FFFFFF	17
2004	#FFFFFF	17
2005	#FFFFFF	17
2006	#FFFFFF	17
2007	#FFFFFF	17
2008	#FFFFFF	17
2009	#FFFFFF	17
2010	#FFFFFF	17
2011	#FFFFFF	17
2012	#FFFFFF	17
2013	#FFFFFF	17
2014	#FFFFFF	559
2015	#FFFFFF	559
2016	#FFFFFF	17
2017	#FFFFFF	17
2018	#FFFFFF	17
2019	#FFFFFF	17
2020	#FFFCFD	398
2022	#FFFFFF	17
2023	#FFFFFF	17
2024	#FFFCFD	398
2025	#FFFFFF	17
2026	#FFFFFF	17
2027	#FFFFFF	678
2028	#FFFFFF	17
2029	#FFFFFF	678
2030	#FFFFFF	678
2032	#FFFFFF	17
2033	#FFFFFF	17
2034	#FFFFFF	17
2035	#FFFFFF	17
2036	#FFFFFF	17
2037	#FFFFFF	17
2038	#FFFFFF	678
2039	#FFFFFF	17
2040	#FFFFFF	678
2041	#FFFFFF	17
2042	#FFFFFF	17
2043	#FFFFFF	17
2044	#FFFFFF	17
2045	#FFFFFF	17
2046	#FFFFFF	17
2047	#FFFFFF	17
2048	#FFFFFF	17
2049	#FFFFFF	17
2050	#FFFFFF	17
2051	#FFFFFF	17
2052	#FFFFFF	17
2053	#FFFFFF	17
2054	#FFFFFF	17
2055	#FFFFFF	17
2056	#FFFFFF	17
2057	#FFFFFF	17
2058	#FFFFFF	235
2059	#FFFFFF	17
2060	#FFFFFF	17
2061	#FFFFFF	17
2062	#FFFFFF	17
2063	#FFFFFF	17
2064	#FFFFFF	17
2065	#FFFFFF	559
2066	#FFFFFF	17
2067	#FFFFFF	17
2068	#FFFFFF	17
2069	#FFFCFD	398
2070	#FFFCFD	398
2072	#FFFFFF	17
2073	#FFFFFF	17
2074	#FFFCFD	398
2075	#FFFFFF	17
2076	#FFFFFF	17
2077	#FFFFFF	17
2078	#FFFFFF	17
2079	#FFFFFF	678
2080	#FFFFFF	678
2081	#FFFFFF	17
2083	#FFFFFF	17
2084	#FFFFFF	17
2085	#FFFFFF	17
2086	#FFFFFF	17
2087	#FFFFFF	17
2088	#FFFFFF	678
2089	#FFFFFF	17
2090	#FFFFFF	17
2091	#FFFFFF	17
2092	#FFFFFF	17
2093	#FFFFFF	17
2094	#FFFFFF	17
2095	#FFFFFF	17
2096	#FFFFFF	17
2097	#FFFFFF	17
2098	#FFFFFF	17
2099	#FFFFFF	17
2100	#FFFFFF	17
2101	#FFFFFF	17
2102	#FFFFFF	17
2103	#FFFFFF	17
2104	#FFFFFF	235
2105	#FFFFFF	235
2106	#FFFCFD	398
2107	#FFFFFF	17
2108	#FFFFFF	235
2109	#FFFFFF	17
2110	#FFFFFF	17
2111	#FFFFFF	17
2112	#FFFFFF	17
2113	#FFFFFF	17
2114	#FFFFFF	17
2115	#FFFFFF	559
2116	#FFFFFF	17
2117	#FFFFFF	17
2118	#FFFFFF	17
2119	#FFFCFD	398
2120	#FFFCFD	398
2121	#FFFFFF	17
2123	#FFFFFF	17
2124	#FFFFFF	17
2125	#FFFFFF	17
2126	#FFFFFF	17
2127	#FFFFFF	17
2128	#FFFFFF	17
2129	#FFFFFF	17
2130	#FFFFFF	678
2131	#FFFFFF	678
2132	#FFFFFF	17
2134	#FFFFFF	17
2135	#FFFFFF	17
2136	#FFFFFF	17
2137	#FFFFFF	17
2138	#FFFFFF	678
2139	#FFFFFF	678
2140	#FFFFFF	17
2141	#FFFFFF	17
2142	#FFFFFF	17
2143	#FFFFFF	17
2144	#FFFFFF	17
2145	#FFFFFF	17
2146	#FFFCFD	398
2147	#FFFFFF	17
2148	#FFFFFF	17
2149	#FFFFFF	17
2150	#FFFFFF	17
2151	#FFFFFF	17
2152	#FFFFFF	17
2153	#FFFFFF	17
2154	#FFFFFF	235
2155	#FFFFFF	235
2156	#FFFFFF	17
2157	#FFFFFF	17
2158	#FFFFFF	17
2159	#FFFFFF	235
2160	#FFFFFF	17
2161	#FFFFFF	17
2162	#FFFFFF	17
2163	#FFFFFF	17
2164	#FFFFFF	17
2165	#FFFFFF	17
2166	#FFFFFF	17
2167	#FFFFFF	17
2168	#FFFFFF	17
2169	#FFFCFD	398
2170	#FFFFFF	17
2171	#FFFCFD	398
2173	#FFFFFF	17
2174	#FFFFFF	17
2175	#FFFFFF	17
2176	#FFFFFF	17
2177	#FFFFFF	17
2178	#FFFFFF	17
2179	#FFFFFF	17
2180	#FFFFFF	678
2181	#FFFFFF	678
2182	#FFFFFF	17
2183	#FFFFFF	17
2185	#FFFFFF	17
2186	#FFFFFF	17
2187	#FFFFFF	678
2188	#FFFFFF	17
2189	#FFFFFF	678
2190	#FFFFFF	678
2191	#FFFFFF	678
2192	#FFFFFF	17
2193	#FFFFFF	17
2194	#FFFFFF	17
2195	#FFFFFF	17
2196	#FFFCFD	398
2197	#FFFFFF	17
2198	#FFFFFF	17
2199	#FFFFFF	17
2200	#FFFFFF	17
2201	#FFFFFF	17
2202	#FFFFFF	17
2203	#FFFFFF	17
2204	#FFFFFF	235
2205	#FFFFFF	235
2206	#FFFFFF	235
2207	#FFFCFD	398
2208	#FFFFFF	17
2209	#FFFFFF	235
2210	#FFFFFF	17
2211	#FFFFFF	17
2212	#FFFFFF	235
2213	#FFFFFF	17
2214	#FFFFFF	17
2215	#FFFFFF	17
2216	#FFFFFF	17
2217	#FFFFFF	17
2218	#FFFFFF	17
2219	#FFFFFF	17
2220	#FFFCFD	398
2221	#FFFCFD	398
2222	#FFFFFF	17
2224	#FFFFFF	17
2225	#FFFFFF	17
2226	#FFFFFF	17
2227	#FFFFFF	17
2228	#FFFFFF	17
2229	#FFFFFF	17
2230	#FFFFFF	17
2231	#FFFFFF	17
2232	#FFFFFF	17
2233	#FFFFFF	17
2234	#FFFFFF	17
2236	#FFFCFD	398
2237	#FFFFFF	678
2238	#FFFFFF	678
2239	#FFFFFF	678
2240	#FFFFFF	17
2241	#FFFFFF	678
2242	#FFFFFF	17
2243	#FFFFFF	17
2244	#FFFFFF	17
2245	#FFFFFF	17
2246	#FFFFFF	17
2247	#FFFCFD	398
2248	#FFFFFF	17
2249	#FFFFFF	17
2250	#FFFFFF	17
2251	#FFFFFF	17
2252	#FFFFFF	17
2253	#FFFFFF	17
2254	#FFFFFF	17
2255	#FFFFFF	235
2256	#FFFFFF	17
2257	#FFFFFF	17
2258	#FFFFFF	17
2259	#FFFFFF	17
2260	#FFFFFF	235
2261	#FFFFFF	17
2262	#FFFFFF	17
2263	#FFFFFF	235
2264	#FFFFFF	17
2265	#FFFFFF	17
2266	#FFFFFF	235
2267	#FFFFFF	17
2268	#FFFFFF	17
2269	#FFFCFD	398
2270	#FFFCFD	398
2271	#FFFCFD	398
2272	#FFFFFF	17
2274	#FFFFFF	17
2275	#FFFFFF	17
2276	#FFFEFF	139
2277	#FFFEFF	139
2278	#FFFEFF	139
2279	#FFFEFF	139
2280	#FFFEFF	139
2281	#FFFEFF	139
2282	#FFFEFF	139
2283	#FFFEFF	139
2284	#FFFFFF	17
2285	#FFFFFF	17
2286	#FFFFFF	17
2287	#FFFFFF	17
2288	#FFFFFF	17
2289	#FFFFFF	17
2290	#FFFFFF	166
2291	#FFFFFF	17
2292	#FFFFFF	17
2293	#FFFFFF	166
2294	#FFFFFF	166
2295	#FFFFFF	166
2296	#FFFFFF	166
2297	#FFFFFF	17
2298	#FFFFFF	166
2299	#FFFFFF	166
2300	#FFFFFF	166
2301	#FFFFFF	17
2302	#FFFFFF	17
2303	#FFFFFF	17
2304	#FFFFFF	166
2305	#FFFFFF	166
2306	#FFFFFF	17
2307	#FFFFFF	17
2308	#FFFFFF	17
2309	#FFFFFF	17
2310	#FFFFFF	9
2311	#FFFFFF	9
2312	#FFFFFF	9
2313	#FFFFFF	9
2314	#FFFFFF	9
2315	#FFFFFF	9
2316	#FFFFFF	9
2317	#FFFFFF	9
2318	#FFFFFF	9
2319	#FFFEFF	139
2320	#FFFEFF	139
2322	#FFFEFF	139
2323	#FFFEFF	139
2325	#FFFFFF	17
2326	#FFFFFF	17
2327	#FFFEFF	139
2328	#FFFEFF	139
2329	#FFFEFF	139
2330	#FFFEFF	139
2331	#FFFEFF	139
2332	#FFFEFF	139
2333	#FFFFFF	17
2334	#FFFFFF	17
2335	#FFFFFF	17
2336	#FFFFFF	17
2337	#FFFFFF	17
2338	#FFFFFF	17
2339	#FFFFFF	17
2340	#FFFFFF	166
2341	#FFFFFF	166
2342	#FFFFFF	17
2343	#FFFFFF	17
2344	#FFFFFF	166
2345	#FFFFFF	166
2346	#FFFFFF	166
2347	#FFFFFF	166
2348	#FFFFFF	17
2349	#FFFFFF	166
2350	#FFFFFF	166
2351	#FFFFFF	166
2352	#FFFFFF	166
2353	#FFFFFF	166
2354	#FFFFFF	17
2355	#FFFFFF	166
2356	#FFFFFF	17
2357	#FFFFFF	9
2358	#FFFFFF	17
2359	#FFFFFF	17
2360	#FFFFFF	9
2361	#FFFFFF	9
2362	#FFFFFF	9
2363	#FFFFFF	9
2364	#FFFFFF	9
2365	#FFFFFF	9
2366	#FFFFFF	17
2367	#FFFFFF	9
2368	#FFFFFF	9
2369	#FFFEFF	139
2371	#FFFEFF	139
2372	#FFFEFF	139
2373	#FFFEFF	139
2375	#FFFFFF	17
2376	#FFFFFF	17
2377	#FFFFFF	17
2378	#FFFFFF	17
2379	#FFFFFF	17
2380	#FFFFFF	17
2381	#FFFFFF	17
2382	#FFFFFF	17
2383	#FFFFFF	17
2384	#FFFFFF	17
2385	#FFFFFF	17
2386	#FFFFFF	678
2387	#FFFCFD	398
2389	#FFFFFF	17
2390	#FFFFFF	678
2391	#FFFFFF	678
2392	#FFFFFF	17
2393	#FFFFFF	17
2394	#FFFFFF	17
2395	#FFFFFF	17
2396	#FFFFFF	17
2397	#FFFFFF	17
2398	#FFFCFD	398
2399	#FFFFFF	17
2400	#FFFFFF	17
2401	#FFFFFF	17
2402	#FFFFFF	17
2403	#FFFFFF	17
2404	#FFFFFF	17
2405	#FFFFFF	17
2406	#FFFFFF	235
2407	#FFFFFF	17
2408	#FFFFFF	17
2409	#FFFCFD	398
2410	#FFFFFF	17
2411	#FFFFFF	235
2412	#FFFFFF	235
2413	#FFFFFF	235
2414	#FFFFFF	17
2415	#FFFFFF	235
2416	#FFFFFF	235
2417	#FFFFFF	17
2418	#FFFFFF	235
2419	#FFFFFF	17
2420	#FFFCFD	398
2421	#FFFCFD	398
2422	#FFFCFD	398
2423	#FFFCFD	398
2424	#FFFFFF	17
2426	#FFFFFF	17
2427	#F0A3BE	254
2428	#FFFFFF	17
2429	#FFFFFF	17
2430	#FFFFFF	17
2431	#FFFFFF	17
2432	#FFFFFF	17
2433	#FFFFFF	17
2434	#FFFFFF	17
2435	#FFFFFF	17
2436	#FFFFFF	678
2437	#FFFFFF	678
2438	#FFFCFD	398
2440	#FFFFFF	678
2441	#FFFFFF	17
2442	#FFFFFF	17
2443	#FFFFFF	17
2444	#FFFFFF	17
2445	#FFFFFF	17
2446	#FFFFFF	17
2447	#FFFFFF	17
2448	#FFFFFF	17
2449	#FFFCFD	398
2450	#FFFFFF	17
2451	#FFFFFF	17
2452	#FFFFFF	17
2453	#FFFFFF	17
2454	#FFFFFF	17
2455	#FFFFFF	17
2456	#FFFFFF	235
2457	#FFFFFF	235
2458	#FFFFFF	17
2459	#FFFFFF	17
2460	#FFFCFD	398
2461	#FFFFFF	235
2462	#FFFFFF	235
2463	#FFFFFF	235
2464	#FFFFFF	17
2465	#FFFFFF	235
2466	#FFFFFF	235
2467	#FFFFFF	17
2468	#FFFFFF	17
2469	#FFFFFF	235
2470	#FFFCFD	398
2471	#FFFCFD	398
2472	#FFFCFD	398
2473	#FFFCFD	398
2474	#FFFFFF	17
2476	#FFFFFF	17
2477	#F0A3BE	254
2478	#FFFFFF	17
2479	#FFFFFF	17
2480	#FFFFFF	17
2481	#FFFFFF	17
2482	#FFFFFF	17
2483	#FFFFFF	17
2484	#FFFFFF	17
2485	#FFFFFF	17
2486	#FFFFFF	17
2487	#FFFFFF	678
2488	#F0A3BE	254
2489	#FFFFFF	17
2491	#FFFFFF	17
2492	#FFFFFF	17
2493	#FFFFFF	17
2494	#FFFFFF	17
2495	#FFFFFF	17
2496	#FFFFFF	17
2497	#FFFFFF	17
2498	#FFFFFF	17
2499	#FFFCFD	398
2500	#FFFFFF	17
2501	#FFFFFF	17
2502	#FFFFFF	17
2503	#FFFFFF	17
2504	#FFFFFF	17
2505	#FFFFFF	17
2506	#FFFFFF	235
2507	#FFFFFF	235
2508	#FFFFFF	235
2509	#FFFFFF	17
2510	#FFFCFD	398
2511	#FFFFFF	17
2512	#FFFFFF	235
2513	#FFFFFF	235
2514	#FFFFFF	17
2515	#FFFFFF	235
2516	#FFFFFF	235
2517	#FFFFFF	17
2518	#FFFFFF	17
2519	#FFFFFF	235
2520	#FFFFFF	235
2521	#FFFCFD	398
2522	#FFFCFD	398
2523	#FFFCFD	398
2524	#FFFCFD	398
2525	#FFFFFF	17
2527	#FFFFFF	17
2528	#F0A3BE	254
2529	#FFFFFF	17
2530	#FFFFFF	17
2531	#FFFFFF	17
2532	#FFFFFF	17
2533	#FFFFFF	17
2534	#FFFFFF	17
2535	#FFFFFF	17
2536	#FFFFFF	17
2537	#FFFFFF	678
2538	#FFFFFF	17
2539	#F0A3BE	254
2540	#FFFFFF	678
2542	#FFFFFF	17
2543	#FFFFFF	17
2544	#FFFFFF	17
2545	#FFFFFF	17
2546	#FFFFFF	17
2547	#FFFFFF	17
2548	#FFFFFF	17
2549	#FFFFFF	17
2550	#FFFCFD	398
2551	#FFFFFF	17
2552	#FFFFFF	17
2553	#FFFFFF	17
2554	#FFFFFF	17
2555	#FFFFFF	17
2556	#FFFFFF	235
2557	#FFFFFF	235
2558	#FFFFFF	235
2559	#FFFFFF	235
2560	#FFFFFF	17
2561	#FFFCFD	398
2562	#FFFFFF	235
2563	#FFFFFF	235
2564	#FFFFFF	17
2565	#FFFFFF	235
2566	#FFFFFF	235
2567	#FFFFFF	235
2568	#FFFFFF	17
2569	#FFFFFF	235
2570	#FFFFFF	235
2571	#FFFCFD	398
2572	#FFFCFD	398
2573	#FFFFFF	17
2574	#FFFFFF	17
2575	#FFFFFF	17
2577	#FFFFFF	17
2578	#FFFFFF	17
2579	#FFFFFF	17
2580	#FFFFFF	17
2581	#FFFFFF	17
2582	#FFFFFF	17
2583	#FFFFFF	17
2584	#FFFFFF	17
2585	#FFFFFF	17
2586	#FFFFFF	17
2587	#FFFFFF	678
2588	#FFFFFF	17
2589	#F0A3BE	254
2590	#FFFFFF	17
2591	#FFFFFF	17
2593	#FFFFFF	17
2594	#FFFFFF	17
2595	#FFFFFF	17
2596	#FFFFFF	17
2597	#FFFFFF	17
2598	#FFFFFF	17
2599	#FFFFFF	17
2600	#FFFCFD	398
2601	#FFFFFF	235
2602	#FFFFFF	17
2603	#FFFFFF	17
2604	#FFFFFF	17
2605	#FFFFFF	17
2606	#FFFFFF	235
2607	#FFFFFF	235
2608	#FFFFFF	235
2609	#FFFFFF	17
2610	#FFFFFF	235
2611	#FFFCFD	398
2612	#FFFFFF	17
2613	#FFFFFF	235
2614	#FFFFFF	235
2615	#FFFFFF	235
2616	#FFFFFF	235
2617	#FFFFFF	235
2618	#FFFFFF	17
2619	#FFFFFF	17
2620	#FFFFFF	235
2621	#FFFFFF	235
2622	#FFFCFD	398
2623	#FFFCFD	398
2624	#FFFCFD	398
2625	#FFFFFF	17
2626	#FFFFFF	17
2628	#FFFFFF	17
2629	#FFFFFF	17
2630	#FFFFFF	17
2631	#FFFFFF	17
2632	#FFFFFF	17
2633	#FFFFFF	17
2634	#FFFFFF	17
2635	#FFFFFF	17
2636	#FFFFFF	17
2637	#FFFFFF	17
2638	#FFFFFF	17
2639	#FFFFFF	17
2640	#F0A3BE	254
2641	#FFFFFF	17
2642	#FFFFFF	17
2644	#FFFFFF	17
2645	#FFFFFF	17
2646	#FFFFFF	17
2647	#FFFFFF	17
2648	#FFFFFF	17
2649	#FFFFFF	17
2650	#FFFFFF	235
2651	#FFFCFD	398
2652	#FFFFFF	17
2653	#FFFFFF	17
2654	#FFFFFF	17
2655	#FFFFFF	235
2656	#FFFFFF	235
2657	#FFFFFF	235
2658	#FFFFFF	235
2659	#FFFFFF	17
2660	#FFFFFF	235
2661	#FFFFFF	17
2662	#FFFCFD	398
2663	#FFFFFF	17
2664	#FFFFFF	235
2665	#FFFFFF	235
2666	#FFFFFF	235
2667	#FFFFFF	235
2668	#FFFFFF	235
2669	#FFFFFF	235
2670	#FFFFFF	235
2671	#FFFFFF	235
2672	#FFFCFD	398
2673	#FFFCFD	398
2674	#FFFFFF	17
2675	#FFFFFF	17
2676	#FFFFFF	17
2678	#FFFFFF	17
2679	#FFFFFF	17
2680	#FFFFFF	17
2681	#FFFFFF	17
2682	#FFFFFF	17
2683	#FFFFFF	17
2684	#FFFFFF	17
2685	#FFFFFF	17
2686	#FFFFFF	17
2687	#FFFFFF	17
2688	#FFFFFF	17
2689	#FFFFFF	17
2690	#FFFFFF	17
2691	#FFFFFF	17
2692	#FFFFFF	17
2693	#FFFFFF	17
2695	#FFFFFF	17
2696	#FFFFFF	17
2697	#FFFFFF	17
2698	#FFFFFF	17
2699	#FFFFFF	17
2700	#FFFFFF	17
2701	#F0A3BE	254
2702	#FFFFFF	235
2703	#FFFFFF	235
2704	#FFFFFF	17
2705	#FFFFFF	17
2706	#FFFFFF	235
2707	#FFFFFF	17
2708	#FFFFFF	235
2709	#FFFFFF	235
2710	#FFFFFF	17
2711	#FFFFFF	17
2712	#F0A3BE	254
2713	#FFFFFF	235
2714	#FFFFFF	235
2715	#FFFFFF	235
2716	#FFFFFF	235
2717	#FFFFFF	235
2718	#FFFFFF	235
2719	#FFFFFF	235
2720	#FFFFFF	235
2721	#FFFFFF	235
2722	#FFFFFF	235
2723	#FFFCFD	398
2724	#FFFFFF	17
2725	#FFFFFF	17
2726	#FFFFFF	17
2727	#FFFFFF	17
2729	#FFFFFF	17
2730	#CD1076	726
2731	#FFFFFF	17
2732	#FFFFFF	17
2733	#FFFFFF	17
2734	#FFFFFF	17
2735	#FFFFFF	17
2736	#FFFFFF	17
2737	#FFFFFF	17
2738	#FFFFFF	17
2739	#FFFFFF	17
2740	#FFFFFF	17
2741	#FFFFFF	17
2742	#FFFFFF	17
2743	#FFFFFF	17
2744	#FFFFFF	17
2746	#FFFFFF	17
2747	#FFFFFF	17
2748	#FFFFFF	17
2749	#FFFFFF	17
2750	#FFFFFF	17
2751	#FFFFFF	17
2752	#F0A3BE	254
2753	#FFFFFF	235
2754	#FFFFFF	235
2755	#FFFFFF	17
2756	#FFFFFF	17
2757	#FFFFFF	17
2758	#FFFFFF	235
2759	#FFFFFF	235
2760	#FFFFFF	17
2761	#FFFFFF	17
2762	#FFFFFF	17
2763	#FFFCFD	398
2764	#FFFFFF	235
2765	#FFFFFF	235
2766	#FFFFFF	235
2767	#FFFFFF	235
2768	#FFFFFF	235
2769	#FFFFFF	235
2770	#FFFFFF	17
2771	#FFFFFF	235
2772	#FFFFFF	235
2773	#FFFFFF	17
2774	#FFFFFF	17
2775	#FFFFFF	17
2776	#FFFFFF	17
2777	#FFFFFF	17
2779	#FFFFFF	17
2780	#FFFFFF	17
2781	#FFFFFF	17
2782	#FFFFFF	17
2783	#FFFFFF	17
2784	#FFFFFF	17
2785	#FFFFFF	17
2786	#FFFFFF	17
2787	#FFFFFF	17
2788	#FFFFFF	17
2789	#FFFFFF	17
2790	#FFFFFF	17
2791	#FFFFFF	17
2792	#FFFFFF	17
2793	#FFFFFF	17
2794	#FFFFFF	17
2795	#FFFFFF	17
2797	#FFFFFF	17
2798	#FFFFFF	17
2799	#FFFFFF	17
2800	#FFFFFF	17
2801	#FFFFFF	17
2802	#FFFFFF	17
2803	#FFFFFF	235
2804	#FFFFFF	235
2805	#FFFFFF	235
2806	#FFFFFF	17
2807	#FFFFFF	17
2808	#FFFFFF	235
2809	#FFFFFF	235
2810	#FFFFFF	235
2811	#FFFFFF	17
2812	#FFFFFF	17
2813	#F0A3BE	254
2814	#FFFFFF	235
2815	#FFFFFF	235
2816	#FFFFFF	235
2817	#FFFFFF	235
2818	#FFFFFF	235
2819	#FFFFFF	235
2820	#FFFFFF	17
2821	#FFFFFF	17
2822	#FFFFFF	235
2823	#FFFFFF	235
2824	#FFFCFD	398
2825	#FFFFFF	17
2826	#FFFFFF	17
2827	#FFFFFF	17
2828	#FFFFFF	17
2830	#FFFFFF	17
2831	#CD1076	276
2832	#FFFFFF	17
2833	#FFFFFF	17
2834	#FFFFFF	17
2835	#FFFFFF	17
2836	#FFFFFF	17
2837	#FFFFFF	17
2838	#FFFFFF	17
2839	#FFFFFF	17
2840	#FFFFFF	17
2841	#FFFFFF	17
2842	#FFFFFF	17
2843	#FFFFFF	17
2844	#FFFFFF	17
2845	#FFFFFF	17
2846	#FFFFFF	17
2848	#FFFFFF	17
2849	#FFFFFF	17
2850	#FFFFFF	17
2851	#FFFFFF	17
2852	#FFFFFF	17
2853	#FFFFFF	17
2854	#FFFFFF	235
2855	#FFFFFF	235
2856	#FFFFFF	235
2857	#FFFFFF	17
2858	#FFFFFF	17
2859	#FFFFFF	235
2860	#FFFFFF	235
2861	#FFFFFF	17
2862	#FFFFFF	17
2863	#FFFFFF	17
2864	#FFFCFD	398
2865	#FFFFFF	17
2866	#FFFFFF	235
2867	#FFFFFF	235
2868	#FFFFFF	235
2869	#FFFFFF	235
2870	#FFFFFF	235
2871	#FFFFFF	17
2872	#FFFFFF	17
2873	#FFFFFF	17
2874	#FFFFFF	17
2875	#FFFFFF	17
2876	#FFFFFF	17
2877	#FFFFFF	17
2878	#FFFFFF	17
2880	#FFFFFF	17
2881	#CD1076	276
2882	#FFFFFF	17
2883	#FFFFFF	17
2884	#FFFFFF	17
2885	#FFFFFF	17
2886	#FFFFFF	17
2887	#FFFFFF	17
2888	#FFFFFF	17
2889	#FFFFFF	17
2890	#FFFFFF	17
2891	#FFFFFF	17
2892	#CD1076	276
2893	#FFFFFF	17
2894	#FFFFFF	17
2895	#FFFFFF	17
2896	#FFFFFF	17
2897	#FFFFFF	17
2899	#FFFFFF	17
2900	#FFFFFF	17
2901	#FFFFFF	235
2902	#FFFFFF	17
2903	#FFFFFF	17
2904	#FFFFFF	17
2905	#FFFFFF	235
2906	#FFFFFF	235
2907	#FFFFFF	235
2908	#FFFFFF	17
2909	#FFFFFF	235
2910	#FFFFFF	235
2911	#FFFFFF	235
2912	#FFFFFF	17
2913	#FFFFFF	17
2914	#FFFFFF	17
2915	#FFFFFF	17
2916	#FFFFFF	17
2917	#FFFFFF	235
2918	#FFFFFF	235
2919	#FFFFFF	235
2920	#FFFFFF	235
2921	#FFFFFF	17
2922	#FFFFFF	17
2923	#FFFFFF	17
2924	#FFFFFF	17
2925	#FFFFFF	17
2926	#FFFFFF	17
2927	#FFFFFF	17
2928	#FFFFFF	17
2929	#FFFFFF	17
2931	#FFFFFF	17
2932	#CD1076	276
2933	#FFFFFF	17
2934	#FFFFFF	17
2935	#FFFFFF	17
2936	#FFFFFF	17
2937	#FFFFFF	17
2938	#FFFFFF	17
2939	#FFFFFF	17
2940	#FFFFFF	17
2941	#FFFFFF	17
2942	#FFFFFF	17
2943	#FFFFFF	17
2944	#FFFFFF	17
2945	#FFFFFF	17
2946	#FFFFFF	17
2947	#FFFFFF	17
2948	#FFFFFF	17
2950	#FFFFFF	17
2951	#FFFFFF	235
2952	#FFFFFF	235
2953	#FFFFFF	17
2954	#FFFFFF	17
2955	#FFFFFF	235
2956	#FFFFFF	235
2957	#FFFFFF	235
2958	#FFFFFF	235
2959	#FFFFFF	235
2960	#FFFFFF	235
2961	#FFFFFF	235
2962	#FFFFFF	17
2963	#FFFFFF	17
2964	#FFFFFF	17
2965	#FFFFFF	17
2966	#FFFFFF	235
2967	#FFFFFF	17
2968	#FFFFFF	235
2969	#FFFFFF	235
2970	#FFFFFF	235
2971	#FFFFFF	17
2972	#FFFFFF	17
2973	#FFFFFF	17
2974	#FFFFFF	17
2975	#FFFFFF	17
2976	#FFFFFF	17
2977	#FFFFFF	17
2978	#FFFFFF	17
2979	#FFFFFF	17
2981	#FFFFFF	17
2982	#FFFFFF	17
2983	#FFFFFF	17
2984	#FFFFFF	17
2985	#FFFFFF	17
2986	#FFFFFF	17
2987	#FFFFFF	17
2988	#FFFFFF	17
2989	#FFFFFF	17
2990	#FFFFFF	17
2991	#FFFFFF	17
2992	#FFFFFF	17
2993	#FFFFFF	17
2994	#FFFFFF	17
2995	#FFFFFF	17
2996	#FFFFFF	17
2997	#FFFFFF	17
2998	#FFFFFF	17
2999	#FFFFFF	235
3001	#FFFFFF	235
3002	#FFFFFF	235
3003	#FFFFFF	17
3004	#FFFFFF	17
3005	#FFFFFF	17
3006	#FFFFFF	17
3007	#FFFFFF	17
3008	#FFFFFF	17
3009	#FFFFFF	235
3010	#FFFFFF	235
3011	#FFFFFF	235
3012	#FFFFFF	235
3013	#FFFFFF	235
3014	#FFFFFF	17
3015	#FFFFFF	17
3016	#FFFFFF	235
3017	#FFFFFF	235
3018	#FFFFFF	235
3019	#FFFFFF	235
3020	#FFFFFF	235
3021	#FFFFFF	17
3022	#FFFFFF	17
3023	#FFFFFF	17
3024	#FFFFFF	17
3025	#FFFFFF	17
3026	#FFFFFF	17
3027	#FFFFFF	17
3028	#FFFFFF	17
3029	#FFFFFF	17
3030	#FFFFFF	17
3032	#FFFFFF	17
3033	#FFFFFF	17
3034	#FFFFFF	17
3035	#FFFFFF	17
3036	#FFFFFF	17
3037	#FFFFFF	17
3038	#FFFFFF	17
3039	#FFFFFF	17
3040	#FFFFFF	17
3041	#FFFFFF	17
3042	#FFFFFF	17
3043	#FFFFFF	17
3044	#FFFFFF	17
3045	#FFFFFF	17
3046	#FFFFFF	17
3047	#FFFFFF	17
3048	#FFFFFF	17
3049	#FFFFFF	235
3050	#FFFFFF	17
3052	#FFFFFF	235
3053	#FFFFFF	17
3054	#FFFFFF	235
3055	#FFFFFF	17
3056	#FFFFFF	17
3057	#FFFFFF	17
3058	#FFFFFF	17
3059	#FFFFFF	17
3060	#FFFFFF	17
3061	#FFFFFF	235
3062	#FFFFFF	235
3063	#FFFFFF	235
3064	#FFFFFF	235
3065	#FFFFFF	235
3066	#FFFFFF	17
3067	#FFFFFF	235
3068	#FFFFFF	235
3069	#FFFFFF	17
3070	#FFFFFF	17
3071	#FFFFFF	17
3072	#FFFFFF	17
3073	#FFFFFF	17
3074	#FFFFFF	17
3075	#FFFFFF	17
3076	#FFFFFF	17
3077	#FFFFFF	17
3078	#FFFFFF	17
3079	#FFFFFF	17
3080	#FFFFFF	17
3082	#FFFFFF	17
3083	#FFFFFF	17
3084	#FFFFFF	17
3085	#FFFFFF	17
3086	#FFFFFF	17
3087	#FFFFFF	17
3088	#FFFFFF	17
3089	#FFFFFF	17
3090	#FFFFFF	17
3091	#FFFFFF	17
3092	#FFFFFF	17
3093	#FFFFFF	17
3094	#FFFFFF	17
3095	#FFFFFF	17
3096	#FFFFFF	17
3097	#FFFFFF	17
3098	#FFFFFF	17
3099	#FFFFFF	17
3100	#FFFFFF	235
3101	#FFFFFF	235
3103	#FFFFFF	235
3104	#FFFFFF	235
3105	#FFFFFF	17
3106	#FFFFFF	17
3107	#FFFFFF	17
3108	#FFFFFF	17
3109	#FFFFFF	17
3110	#FFFFFF	17
3111	#FFFFFF	235
3112	#FFFFFF	235
3113	#FFFFFF	235
3114	#FFFFFF	235
3115	#FFFFFF	235
3116	#FFFFFF	17
3117	#FFFFFF	235
3118	#FFFFFF	235
3119	#FFFFFF	17
3120	#FFFFFF	17
3121	#FFFFFF	17
3122	#FFFFFF	17
3123	#FFFFFF	17
3124	#FFFFFF	17
3125	#FFFFFF	17
3126	#FFFFFF	17
3127	#FFFFFF	17
3128	#FFFFFF	17
3129	#FFFFFF	17
3130	#FFFFFF	17
3131	#FFFFFF	17
3133	#FFFFFF	17
3134	#FFFFFF	17
3135	#FFFFFF	17
3136	#FFFFFF	17
3137	#FFFFFF	17
3138	#FFFFFF	17
3139	#FFFFFF	17
3140	#FFFFFF	17
3141	#FFFFFF	17
3142	#FFFFFF	17
3143	#FFFFFF	17
3144	#FFFFFF	17
3145	#FFFFFF	17
3146	#FFFFFF	17
3147	#FFFFFF	17
3148	#FFFFFF	17
3149	#FFFFFF	235
3150	#FFFFFF	235
3151	#FFFFFF	235
3152	#FFFFFF	235
3154	#FFFFFF	235
3155	#FFFFFF	235
3156	#FFFFFF	17
3157	#FFFFFF	17
3158	#FFFFFF	17
3159	#FFFFFF	17
3160	#FFFFFF	17
3161	#FFFFFF	235
3162	#FFFFFF	235
3163	#FFFFFF	235
3164	#FFFFFF	235
3165	#FFFFFF	235
3166	#FFFFFF	235
3167	#FFFFFF	17
3168	#FFFFFF	235
3169	#FFFFFF	17
3170	#FFFFFF	17
3171	#FFFFFF	17
3172	#FFFFFF	17
3173	#FFFFFF	17
3174	#FFFFFF	17
3175	#FFFFFF	17
3176	#FFFFFF	17
3177	#FFFFFF	17
3178	#FFFFFF	17
3179	#FFFFFF	17
3180	#FFFFFF	17
3181	#FFFFFF	17
3183	#FFFFFF	17
3184	#FFFFFF	17
3185	#FFFFFF	17
3186	#FFFFFF	17
3187	#FFFFFF	17
3188	#FFFFFF	17
3189	#FFFFFF	17
3190	#FFFFFF	17
3191	#FFFFFF	17
3192	#FFFFFF	17
3193	#FFFFFF	17
3194	#FFFFFF	17
3195	#FFFFFF	17
3196	#FFFFFF	17
3197	#FFFFFF	17
3198	#FFFFFF	17
3199	#FFFFFF	235
3200	#FFFFFF	235
3201	#FFFFFF	235
3202	#FFFFFF	235
3203	#FFFFFF	235
3205	#FFFFFF	235
3206	#FFFFFF	17
3207	#FFFFFF	235
3208	#FFFFFF	17
3209	#FFFFFF	17
3210	#FFFFFF	17
3211	#FFFFFF	235
3212	#FFFFFF	235
3213	#FFFFFF	235
3214	#FFFFFF	235
3215	#FFFFFF	235
3216	#FFFFFF	235
3217	#FFFFFF	17
3218	#FFFFFF	235
3219	#FFFFFF	17
3220	#FFFFFF	17
3221	#FFFFFF	17
3222	#FFFFFF	17
3223	#FFFFFF	17
3224	#FFFFFF	17
3225	#FFFFFF	17
3226	#FFFFFF	17
3227	#FFFFFF	17
3228	#FFFFFF	17
3229	#FFFFFF	17
3230	#FFFFFF	17
3231	#FFFFFF	17
3232	#FFFFFF	17
3234	#FFFFFF	17
3235	#FFFFFF	17
3236	#FFFFFF	17
3237	#FFFFFF	17
3238	#FFFFFF	17
3239	#FFFFFF	17
3240	#FFFFFF	17
3241	#FFFFFF	17
3242	#FFFFFF	17
3243	#FFFFFF	17
3244	#FFFFFF	17
3245	#FFFFFF	17
3246	#FFFFFF	17
3247	#FFFFFF	17
3248	#FFFFFF	17
3249	#FFFFFF	235
3250	#FFFFFF	235
3251	#FFFFFF	235
3252	#FFFFFF	235
3253	#FFFFFF	17
3254	#FFFFFF	235
3256	#FFFFFF	235
3257	#FFFFFF	17
3258	#FFFFFF	235
3259	#FFFFFF	235
3260	#FFFFFF	17
3261	#FFFFFF	235
3262	#FFFFFF	235
3263	#FFFFFF	17
3264	#FFFFFF	235
3265	#FFFFFF	235
3266	#FFFFFF	235
3267	#FFFFFF	235
3268	#FFFFFF	17
3269	#FFFFFF	235
3270	#FFFFFF	235
3271	#FFFFFF	17
3272	#FFFFFF	17
3273	#FFFFFF	17
3274	#FFFFFF	17
3275	#FFFFFF	17
3276	#FFFFFF	17
3277	#FFFFFF	17
3278	#FFFFFF	17
3279	#FFFFFF	17
3280	#FFFFFF	17
3281	#FFFFFF	17
3282	#FFFFFF	17
3284	#FFFFFF	17
3285	#FFFFFF	17
3286	#FFFFFF	17
3287	#FFFFFF	17
3288	#FFFFFF	17
3289	#FFFFFF	17
3290	#FFFFFF	17
3291	#FFFFFF	17
3292	#FFFFFF	17
3293	#FFFFFF	17
3294	#FFFFFF	17
3295	#FFFFFF	17
3296	#FFFFFF	17
3297	#FFFFFF	17
3298	#FFFFFF	235
3299	#FFFFFF	235
3300	#FFFFFF	235
3301	#FFFFFF	17
3302	#FFFFFF	235
3303	#FFFFFF	17
3304	#FFFFFF	235
3305	#FFFFFF	235
3307	#FFFFFF	17
3308	#FFFFFF	235
3309	#FFFFFF	235
3310	#FFFFFF	235
3311	#FFFFFF	17
3312	#FFFFFF	17
3313	#FFFFFF	17
3314	#FFFFFF	17
3315	#FFFFFF	235
3316	#FFFFFF	235
3317	#FFFFFF	235
3318	#FFFFFF	17
3319	#FFFFFF	235
3320	#FFFFFF	235
3321	#FFFFFF	17
3322	#FFFFFF	17
3323	#FFFFFF	17
3324	#FFFFFF	17
3325	#FFFFFF	17
3326	#FFFFFF	17
3327	#FFFFFF	17
3328	#FFFFFF	17
3329	#FFFFFF	17
3330	#FFFFFF	17
3331	#FFFFFF	17
3332	#FFFFFF	17
3333	#FFFFFF	17
3335	#FFFFFF	17
3336	#FFFFFF	17
3337	#FFFFFF	17
3338	#FFFFFF	17
3339	#FFFFFF	17
3340	#FFFFFF	17
3341	#FFFFFF	17
3342	#FFFFFF	17
3343	#FFFFFF	17
3344	#FFFFFF	17
3345	#FFFFFF	17
3346	#FFFFFF	17
3347	#FFFFFF	17
3348	#FFFFFF	17
3349	#FFFFFF	235
3350	#FFFFFF	17
3351	#FFFFFF	17
3352	#FFFFFF	17
3353	#FFFFFF	235
3354	#FFFFFF	17
3355	#FFFFFF	235
3356	#FFFFFF	235
3358	#FFFFFF	17
3359	#FFFFFF	235
3360	#FFFFFF	235
3361	#FFFFFF	17
3362	#FFFFFF	17
3363	#FFFFFF	17
3364	#FFFFFF	17
3365	#FFFFFF	235
3366	#FFFFFF	235
3367	#FFFFFF	235
3368	#FFFFFF	235
3369	#FFFFFF	17
3370	#FFFFFF	235
3371	#FFFFFF	235
3372	#FFFFFF	17
3373	#FFFFFF	17
3374	#FFFFFF	17
3375	#FFFFFF	17
3376	#FFFFFF	17
3377	#FFFFFF	17
3378	#FFFFFF	17
3379	#FFFFFF	17
3380	#FFFFFF	17
3381	#FFFFFF	17
3382	#FFFFFF	17
3383	#FFFFFF	17
3385	#FFFFFF	17
3386	#FFFFFF	17
3387	#FFFEFF	139
3388	#FFFEFF	139
3389	#FFFEFF	139
3390	#FFFEFF	139
3391	#FFFEFF	139
3392	#FFFEFF	139
3393	#FFFFFF	17
3394	#FFFFFF	17
3395	#FFFFFF	17
3396	#FFFFFF	17
3397	#FFFFFF	17
3398	#FFFFFF	17
3399	#FFFFFF	166
3400	#FFFFFF	166
3401	#FFFFFF	166
3402	#FFFFFF	166
3403	#FFFFFF	17
3404	#FFFFFF	17
3405	#FFFFFF	166
3406	#FFFFFF	166
3407	#FFFFFF	166
3408	#FFFFFF	17
3409	#FFFFFF	166
3410	#FFFFFF	166
3411	#FFFFFF	166
3412	#FFFFFF	166
3413	#FFFFFF	166
3414	#FFFFFF	166
3415	#FFFFFF	166
3416	#FFFFFF	17
3417	#FFFFFF	9
3418	#FFFFFF	17
3419	#FFFFFF	17
3420	#FFFFFF	17
3421	#FFFFFF	9
3422	#FFFFFF	9
3423	#FFFFFF	9
3424	#FFFFFF	9
3425	#FFFFFF	9
3426	#FFFFFF	17
3427	#FFFFFF	17
3428	#FFFFFF	9
3429	#FFFFFF	9
3430	#FFFFFF	17
3431	#FFFFFF	552
3432	#FFFFFF	17
3433	#FFFEFF	139
3434	#FFFEFF	139
3436	#FFFFFF	17
3437	#FFFFFF	17
3438	#FFFEFF	139
3439	#FFFEFF	139
3440	#FFFEFF	139
3441	#FFFEFF	139
3442	#FFFEFF	139
3443	#FFFEFF	139
3444	#FFFFFF	17
3445	#FFFFFF	17
3446	#FFFFFF	17
3447	#FFFFFF	17
3448	#FFFFFF	17
3449	#FFFFFF	17
3450	#FFFFFF	166
3451	#FFFFFF	166
3452	#FFFFFF	166
3453	#FFFFFF	166
3454	#FFFFFF	17
3455	#FFFFFF	17
3456	#FFFFFF	166
3457	#FFFFFF	166
3458	#FFFFFF	166
3459	#FFFFFF	17
3460	#FFFFFF	166
3461	#FFFFFF	166
3462	#FFFFFF	166
3463	#FFFFFF	17
3464	#FFFFFF	166
3465	#FFFFFF	166
3466	#FFFFFF	17
3467	#FFFFFF	17
3468	#FFFFFF	9
3469	#FFFFFF	17
3470	#FFFFFF	17
3471	#FFFFFF	17
3472	#FFFFFF	9
3473	#FFFFFF	9
3474	#FFFFFF	9
3475	#FFFFFF	9
3476	#FFFFFF	9
3477	#FFFFFF	17
3478	#FFFFFF	17
3479	#FFFFFF	17
3481	#FFFFFF	17
3482	#FFFFFF	17
3483	#FFFFFF	17
3484	#FFFEFF	139
3486	#FFFFFF	17
3487	#FFFFFF	17
3488	#FFFFFF	17
3489	#FFFFFF	17
3490	#FFFFFF	17
3491	#FFFFFF	17
3492	#FFFFFF	17
3493	#FFFFFF	17
3494	#FFFFFF	17
3495	#FFFFFF	17
3496	#FFFFFF	17
3497	#FFFFFF	17
3498	#FFFFFF	17
3499	#FFFFFF	17
3500	#FFFFFF	235
3501	#FFFFFF	17
3502	#FFFFFF	17
3503	#FFFFFF	17
3504	#FFFFFF	17
3505	#FFFFFF	17
3506	#FFFFFF	235
3507	#FFFFFF	235
3508	#FFFFFF	235
3509	#FFFFFF	17
3511	#FFFFFF	235
3512	#FFFFFF	17
3513	#FFFFFF	17
3514	#FFFFFF	17
3515	#FFFFFF	17
3516	#FFFFFF	17
3517	#FFFFFF	235
3518	#FFFFFF	235
3519	#FFFFFF	235
3520	#FFFFFF	17
3521	#FFFFFF	235
3522	#FFFFFF	17
3523	#FFFFFF	235
3524	#FFFFFF	17
3525	#FFFFFF	17
3526	#FFFFFF	17
3527	#FFFFFF	17
3528	#FFFFFF	17
3529	#FFFFFF	17
3530	#FFFFFF	17
3531	#FFFFFF	17
3532	#FFFFFF	17
3533	#FFFFFF	17
3534	#FFFFFF	17
3535	#FFFFFF	17
3537	#FFFFFF	17
3538	#FFFFFF	17
3539	#FFFFFF	17
3540	#FFFFFF	17
3541	#FFFFFF	17
3542	#FFFFFF	17
3543	#FFFFFF	17
3544	#FFFFFF	17
3545	#FFFFFF	17
3546	#FFFFFF	17
3547	#FFFFFF	17
3548	#FFFFFF	17
3549	#FFFFFF	17
3550	#FFFFFF	17
3551	#FFFFFF	235
3552	#FFFFFF	17
3553	#FFFFFF	17
3554	#FFFFFF	17
3555	#FFFFFF	17
3556	#FFFFFF	17
3557	#FFFFFF	235
3558	#FFFFFF	235
3559	#FFFFFF	235
3560	#FFFFFF	17
3562	#FFFFFF	235
3563	#FFFFFF	17
3564	#FFFFFF	17
3565	#FFFFFF	17
3566	#FFFFFF	17
3567	#FFFFFF	17
3568	#FFFFFF	235
3569	#FFFFFF	235
3570	#FFFFFF	235
3571	#FFFFFF	17
3572	#FFFFFF	235
3573	#FFFFFF	17
3574	#FFFFFF	17
3575	#FFFFFF	17
3576	#FFFFFF	17
3577	#FFFFFF	17
3578	#FFFFFF	17
3579	#FFFFFF	17
3580	#FFFFFF	17
3581	#FFFFFF	17
3582	#FFFFFF	17
3583	#FFFFFF	17
3584	#FFFFFF	17
3585	#FFFFFF	17
3587	#FFFFFF	17
3588	#FFFFFF	17
3589	#FFFFFF	17
3590	#FFFFFF	17
3591	#FFFFFF	17
3592	#FFFFFF	17
3593	#FFFFFF	17
3594	#FFFFFF	17
3595	#FFFFFF	17
3596	#FFFFFF	17
3597	#FFFFFF	17
3598	#FFFFFF	17
3599	#FFFFFF	17
3600	#FFFFFF	17
3601	#FFFFFF	17
3602	#FFFFFF	235
3603	#FFFFFF	17
3604	#FFFFFF	17
3605	#FFFFFF	17
3606	#FFFFFF	17
3607	#FFFFFF	17
3608	#FFFFFF	235
3609	#FFFFFF	235
3610	#FFFFFF	17
3611	#FFFFFF	235
3613	#FFFFFF	235
3614	#FFFFFF	17
3615	#FFFFFF	17
3616	#FFFFFF	17
3617	#FFFFFF	17
3618	#FFFFFF	235
3619	#FFFFFF	235
3620	#FFFFFF	235
3621	#FFFFFF	17
3622	#FFFFFF	235
3623	#FFFFFF	17
3624	#FFFFFF	17
3625	#FFFFFF	17
3626	#FFFFFF	17
3627	#FFFFFF	17
3628	#FFFFFF	17
3629	#FFFFFF	17
3630	#FFFFFF	17
3631	#FFFFFF	17
3632	#FFFFFF	17
3633	#FFFFFF	17
3634	#FFFFFF	17
3635	#FFFFFF	17
3636	#FFFFFF	17
3638	#FFFFFF	17
3639	#FFFFFF	17
3640	#FFFFFF	17
3641	#FFFFFF	17
3642	#FFFFFF	17
3643	#FFFFFF	17
3644	#FFFFFF	17
3645	#FFFFFF	17
3646	#FFFFFF	17
3647	#FFFFFF	17
3648	#FFFFFF	17
3649	#FFFFFF	17
3650	#FFFFFF	17
3651	#FFFFFF	17
3652	#FFFFFF	17
3653	#FFFFFF	235
3654	#FFFFFF	235
3655	#FFFFFF	235
3656	#FFFFFF	17
3657	#FFFFFF	235
3658	#FFFFFF	17
3659	#FFFFFF	17
3660	#FFFFFF	17
3661	#FFFFFF	17
3662	#FFFFFF	235
3664	#FFFFFF	235
3665	#FFFFFF	17
3666	#FFFFFF	17
3667	#FFFFFF	17
3668	#FFFFFF	17
3669	#FFFFFF	17
3670	#FFFFFF	235
3671	#FFFFFF	235
3672	#FFFFFF	17
3673	#FFFFFF	235
3674	#FFFFFF	17
3675	#FFFFFF	17
3676	#FFFFFF	17
3677	#FFFFFF	17
3678	#FFFFFF	17
3679	#FFFFFF	17
3680	#FFFFFF	17
3681	#FFFFFF	17
3682	#FFFFFF	17
3683	#FFFFFF	17
3684	#FFFFFF	17
3685	#FFFFFF	17
3686	#FFFFFF	17
3688	#FFFFFF	17
3689	#FFFFFF	17
3690	#FFFFFF	17
3691	#FFFFFF	17
3692	#FFFFFF	17
3693	#FFFFFF	17
3694	#FFFFFF	17
3695	#FFFFFF	17
3696	#FFFFFF	17
3697	#FFFFFF	17
3698	#FFFFFF	17
3699	#FFFFFF	17
3700	#FFFFFF	17
3701	#FFFFFF	17
3702	#FFFFFF	17
3703	#FFFFFF	235
3704	#FFFFFF	235
3705	#FFFFFF	235
3706	#FFFFFF	235
3707	#FFFFFF	235
3708	#FFFFFF	235
3709	#FFFFFF	17
3710	#FFFFFF	17
3711	#FFFFFF	17
3712	#FFFFFF	235
3713	#FFFFFF	235
3715	#FFFFFF	235
3716	#FFFFFF	17
3717	#FFFFFF	17
3718	#FFFFFF	17
3719	#FFFFFF	17
3720	#FFFFFF	17
3721	#FFFFFF	235
3722	#FFFFFF	17
3723	#FFFFFF	235
3724	#FFFFFF	17
3725	#FFFFFF	17
3726	#FFFFFF	17
3727	#FFFFFF	17
3728	#FFFFFF	17
3729	#FFFFFF	17
3730	#FFFFFF	17
3731	#FFFFFF	17
3732	#FFFFFF	17
3733	#FFFFFF	17
3734	#FFFFFF	17
3735	#FFFFFF	17
3736	#FFFFFF	17
3737	#FFFFFF	17
3739	#FFFFFF	17
3740	#FFFFFF	17
3741	#FFFFFF	17
3742	#FFFFFF	17
3743	#FFFFFF	17
3744	#FFFFFF	17
3745	#FFFFFF	17
3746	#FFFFFF	17
3747	#FFFFFF	17
3748	#FFFFFF	17
3749	#FFFFFF	17
3750	#FFFFFF	17
3751	#FFFFFF	17
3752	#FFFFFF	17
3753	#FFFFFF	235
3754	#FFFFFF	235
3755	#FFFFFF	235
3756	#FFFFFF	235
3757	#FFFFFF	235
3758	#FFFFFF	235
3759	#FFFFFF	235
3760	#FFFFFF	17
3761	#FFFFFF	235
3762	#FFFFFF	17
3763	#FFFFFF	235
3764	#FFFFFF	235
3766	#FFFFFF	17
3767	#FFFFFF	17
3768	#FFFFFF	17
3769	#FFFFFF	235
3770	#FFFFFF	17
3771	#FFFFFF	235
3772	#FFFFFF	235
3773	#FFFFFF	17
3774	#FFFFFF	235
3775	#FFFFFF	235
3776	#FFFFFF	17
3777	#FFFFFF	17
3778	#FFFFFF	17
3779	#FFFFFF	17
3780	#FFFFFF	17
3781	#FFFFFF	17
3782	#FFFFFF	17
3783	#FFFFFF	17
3784	#FFFFFF	17
3785	#FFFFFF	17
3786	#FFFFFF	17
3787	#FFFFFF	17
3789	#FFFFFF	17
3790	#FFFFFF	17
3791	#FFFFFF	17
3792	#FFFFFF	17
3793	#FFFFFF	17
3794	#FFFFFF	17
3795	#FFFFFF	17
3796	#FFFFFF	17
3797	#FFFFFF	17
3798	#FFFFFF	17
3799	#FFFFFF	17
3800	#FFFFFF	17
3801	#FFFFFF	17
3802	#FFFFFF	17
3803	#FFFFFF	235
3804	#FFFFFF	235
3805	#FFFFFF	235
3806	#FFFFFF	235
3807	#FFFFFF	235
3808	#FFFFFF	235
3809	#FFFFFF	235
3810	#FFFFFF	17
3811	#FFFFFF	235
3812	#FFFFFF	17
3813	#FFFFFF	17
3814	#FFFFFF	235
3815	#FFFFFF	235
3817	#FFFFFF	235
3818	#FFFFFF	17
3819	#FFFFFF	235
3820	#FFFFFF	17
3821	#FFFFFF	235
3822	#FFFFFF	235
3823	#FFFFFF	17
3824	#FFFFFF	235
3825	#FFFFFF	235
3826	#FFFFFF	17
3827	#FFFFFF	17
3828	#FFFFFF	17
3829	#FFFFFF	17
3830	#FFFFFF	17
3831	#FFFFFF	17
3832	#FFFFFF	17
3833	#FFFFFF	17
3834	#FFFFFF	17
3835	#FFFFFF	17
3836	#FFFFFF	17
3837	#FFFFFF	17
3838	#FFFFFF	17
3840	#FFFFFF	17
3841	#FFFFFF	17
3842	#FFFFFF	17
3843	#FFFFFF	17
3844	#FFFFFF	17
3845	#FFFFFF	17
3846	#FFFFFF	17
3847	#FFFFFF	17
3848	#FFFFFF	17
3849	#FFFFFF	17
3850	#FFFFFF	17
3851	#FFFFFF	17
3852	#FFFFFF	17
3853	#FFFFFF	235
3854	#FFFFFF	235
3855	#FFFFFF	235
3856	#FFFFFF	235
3857	#FFFFFF	235
3858	#FFFFFF	235
3859	#FFFFFF	235
3860	#FFFFFF	17
3861	#FFFFFF	17
3862	#FFFFFF	17
3863	#FFFFFF	17
3864	#FFFFFF	235
3865	#FFFFFF	235
3866	#FFFFFF	235
3868	#FFFFFF	235
3869	#FFFFFF	17
3870	#FFFFFF	235
3871	#FFFFFF	235
3872	#FFFFFF	235
3873	#FFFFFF	235
3874	#FFFFFF	17
3875	#FFFFFF	235
3876	#FFFFFF	17
3877	#FFFFFF	17
3878	#FFFFFF	17
3879	#FFFFFF	17
3880	#FFFFFF	17
3881	#FFFFFF	17
3882	#FFFFFF	17
3883	#FFFFFF	17
3884	#FFFFFF	17
3885	#FFFFFF	17
3886	#FFFFFF	17
3887	#FFFFFF	17
3888	#FFFFFF	17
3890	#FFFFFF	17
3891	#FFFFFF	17
3892	#FFFFFF	17
3893	#FFFFFF	17
3894	#FFFFFF	17
3895	#FFFFFF	17
3896	#FFFFFF	17
3897	#FFFFFF	17
3898	#FFFFFF	17
3899	#FFFFFF	17
3900	#FFFFFF	17
3901	#FFFFFF	17
3902	#FFFFFF	17
3903	#FFFFFF	235
3904	#FFFFFF	235
3905	#FFFFFF	235
3906	#FFFFFF	235
3907	#FFFFFF	235
3908	#FFFFFF	235
3909	#FFFFFF	235
3910	#FFFFFF	17
3911	#FFFFFF	17
3912	#FFFFFF	17
3913	#FFFFFF	17
3914	#FFFFFF	17
3915	#FFFFFF	235
3916	#FFFFFF	235
3917	#FFFFFF	235
3919	#FFFFFF	235
3920	#FFFFFF	235
3921	#FFFFFF	235
3922	#FFFFFF	235
3923	#FFFFFF	17
3924	#FFFFFF	17
3925	#FFFFFF	17
3926	#FFFFFF	17
3927	#FFFFFF	17
3928	#FFFFFF	17
3929	#FFFFFF	17
3930	#FFFFFF	17
3931	#FFFFFF	17
3932	#FFFFFF	17
3933	#FFFFFF	17
3934	#FFFFFF	17
3935	#FFFFFF	17
3936	#FFFFFF	17
3937	#FFFFFF	17
3938	#FFFFFF	17
3939	#FFFFFF	17
3941	#FFFFFF	17
3942	#FFFFFF	17
3943	#FFFFFF	17
3944	#FFFFFF	17
3945	#FFFFFF	17
3946	#FFFFFF	17
3947	#FFFFFF	17
3948	#FFFFFF	17
3949	#FFFFFF	17
3950	#FFFFFF	17
3951	#FFFFFF	17
3952	#FFFFFF	235
3953	#FFFFFF	17
3954	#FFFFFF	235
3955	#FFFFFF	235
3956	#FFFFFF	235
3957	#FFFFFF	235
3958	#FFFFFF	235
3959	#FFFFFF	235
3960	#FFFFFF	17
3961	#FFFFFF	17
3962	#FFFFFF	17
3963	#FFFFFF	17
3964	#FFFFFF	17
3965	#FFFFFF	17
3966	#FFFFFF	235
3967	#FFFFFF	235
3968	#FFFFFF	235
3970	#FFFFFF	235
3971	#FFFFFF	235
3972	#FFFFFF	17
3973	#FFFFFF	235
3974	#FFFFFF	17
3975	#FFFFFF	17
3976	#FFFFFF	17
3977	#FFFFFF	17
3978	#FFFFFF	235
3979	#FFFFFF	17
3980	#FFFFFF	17
3981	#FFFFFF	17
3982	#FFFFFF	17
3983	#FFFFFF	17
3984	#FFFFFF	17
3985	#FFFFFF	17
3986	#FFFFFF	17
3987	#FFFFFF	17
3988	#FFFFFF	17
3989	#FFFFFF	17
3991	#FFFFFF	17
3992	#FFFFFF	17
3993	#FFFFFF	17
3994	#FFFFFF	17
3995	#FFFFFF	17
3996	#FFFFFF	17
3997	#FFFFFF	17
3998	#FFFFFF	17
3999	#FFFFFF	17
4000	#FFFFFF	17
4001	#FFFFFF	17
4002	#FFFFFF	17
4003	#FFFFFF	17
4004	#FFFFFF	17
4005	#FFFFFF	235
4006	#FFFFFF	17
4007	#FFFFFF	235
4008	#FFFFFF	235
4009	#FFFFFF	235
4010	#FFFFFF	235
4011	#FFFFFF	17
4012	#FFFFFF	17
4013	#FFFFFF	17
4014	#FFFFFF	17
4015	#FFFFFF	17
4016	#FFFFFF	17
4017	#FFFFFF	235
4018	#FFFFFF	235
4019	#FFFFFF	235
4021	#FFFFFF	17
4022	#FFFFFF	17
4023	#FFFFFF	235
4024	#FFFFFF	235
4025	#FFFFFF	17
4026	#FFFFFF	17
4027	#FFFFFF	17
4028	#FFFFFF	17
4029	#FFFFFF	235
4030	#FFFFFF	17
4031	#FFFFFF	17
4032	#FFFFFF	17
4033	#FFFFFF	17
4034	#FFFFFF	17
4035	#FFFFFF	17
4036	#FFFFFF	17
4037	#FFFFFF	17
4038	#FFFFFF	17
4039	#FFFFFF	17
4040	#FFFFFF	17
4042	#FFFFFF	17
4043	#FFFFFF	17
4044	#FFFEFF	139
4045	#FFFEFF	139
4046	#FFFEFF	139
4047	#FFFEFF	139
4048	#FFFEFF	139
4049	#FFFEFF	139
4050	#FFFFFF	17
4051	#FFFFFF	17
4052	#FFFFFF	17
4053	#FFFFFF	17
4054	#FFFFFF	17
4055	#FFFFFF	17
4056	#FFFFFF	17
4057	#FFFFFF	166
4058	#FFFFFF	166
4059	#FFFFFF	17
4060	#FFFFFF	17
4061	#FFFFFF	166
4062	#FFFFFF	17
4063	#FFFFFF	166
4064	#FFFFFF	166
4065	#FFFFFF	17
4066	#FFFFFF	166
4067	#FFFFFF	166
4068	#FFFFFF	17
4069	#FFFFFF	17
4070	#FFFFFF	17
4071	#FFFFFF	166
4072	#FFFFFF	17
4073	#FFFFFF	9
4074	#FFFFFF	9
4075	#FFFFFF	17
4076	#FFFFFF	17
4077	#FFFFFF	9
4078	#FFFFFF	9
4079	#FFFFFF	9
4080	#FFFFFF	9
4081	#FFFFFF	9
4082	#FFFFFF	9
4083	#FFFFFF	17
4084	#FFFFFF	9
4085	#FFFFFF	17
4086	#FFFFFF	9
4088	#FFFFFF	17
4089	#FFFFFF	17
4090	#FFFFFF	17
4091	#FFFFFF	17
4093	#FFFFFF	17
4094	#FFFFFF	17
4095	#FFFEFF	139
4096	#FFFFFF	17
4097	#FFFEFF	139
4098	#FFFEFF	139
4099	#FFFEFF	139
4100	#FFFFFF	17
4101	#FFFFFF	17
4102	#FFFFFF	17
4103	#FFFFFF	17
4104	#FFFFFF	17
4105	#FFFFFF	17
4106	#FFFFFF	17
4107	#FFFFFF	166
4108	#FFFFFF	166
4109	#FFFFFF	166
4110	#FFFFFF	17
4111	#FFFFFF	166
4112	#FFFFFF	166
4113	#FFFFFF	166
4114	#FFFFFF	166
4115	#FFFFFF	166
4116	#FFFFFF	17
4117	#FFFFFF	166
4118	#FFFFFF	166
4119	#FFFFFF	17
4120	#FFFFFF	17
4121	#FFFFFF	17
4122	#FFFFFF	166
4123	#FFFFFF	17
4124	#FFFFFF	9
4125	#FFFFFF	9
4126	#FFFFFF	9
4128	#FFFFFF	9
4129	#FFFFFF	9
4130	#FFFFFF	9
4131	#FFFFFF	9
4132	#FFFFFF	9
4133	#FFFFFF	9
4134	#FFFFFF	9
4135	#FFFFFF	17
4136	#FFFFFF	17
4137	#FFFFFF	17
4138	#FFFFFF	17
4139	#FFFFFF	17
4140	#FFFFFF	17
4141	#FFFEFF	139
4143	#FFFFFF	17
4144	#FFFFFF	17
4145	#FFFEFF	139
4146	#FFFEFF	139
4147	#FFFFFF	17
4148	#FFFEFF	139
4149	#FFFEFF	139
4150	#FFFEFF	139
4151	#FFFFFF	17
4152	#FFFFFF	17
4153	#FFFFFF	17
4154	#FFFFFF	17
4155	#FFFFFF	17
4156	#FFFFFF	17
4157	#FFFFFF	17
4158	#FFFFFF	166
4159	#FFFFFF	166
4160	#FFFFFF	166
4161	#FFFFFF	17
4162	#FFFFFF	166
4163	#FFFFFF	166
4164	#FFFFFF	166
4165	#FFFFFF	166
4166	#FFFFFF	17
4167	#FFFFFF	166
4168	#FFFFFF	166
4169	#FFFFFF	166
4170	#FFFFFF	17
4171	#FFFFFF	17
4172	#FFFFFF	17
4173	#FFFFFF	17
4174	#FFFFFF	17
4175	#FFFFFF	9
4176	#FFFFFF	9
4178	#FFFFFF	9
4179	#FFFFFF	9
4180	#FFFFFF	9
4181	#FFFFFF	9
4182	#FFFFFF	17
4183	#FFFFFF	17
4184	#FFFFFF	9
4185	#FFFFFF	9
4186	#FFFFFF	17
4187	#FFFFFF	17
4188	#FFFFFF	17
4189	#FFFFFF	17
4190	#FFFFFF	17
4191	#FFFFFF	17
4192	#FFFFFF	17
4194	#FFFFFF	17
4195	#FFFFFF	17
4196	#FFFEFF	139
4197	#FFFEFF	139
4198	#FFFFFF	17
4199	#FFFEFF	139
4200	#FFFEFF	139
4201	#FFFFFF	17
4202	#FFFFFF	17
4203	#FFFFFF	17
4204	#FFFFFF	17
4205	#FFFFFF	17
4206	#FFFFFF	17
4207	#FFFFFF	17
4208	#FFFFFF	166
4209	#FFFFFF	166
4210	#FFFFFF	166
4211	#FFFFFF	166
4212	#FFFFFF	17
4213	#FFFFFF	166
4214	#FFFFFF	166
4215	#FFFFFF	166
4216	#FFFFFF	166
4218	#FFFFFF	166
4219	#FFFFFF	166
4220	#FFFFFF	166
4221	#FFFFFF	166
4222	#FFFFFF	166
4223	#FFFFFF	17
4224	#FFFFFF	17
4225	#FFFFFF	9
4226	#FFFFFF	9
4227	#FFFFFF	9
4228	#FFFFFF	17
4229	#FFFFFF	9
4230	#FFFFFF	9
4231	#FFFFFF	9
4232	#FFFFFF	9
4233	#FFFFFF	17
4234	#FFFFFF	17
4235	#FFFFFF	9
4236	#FFFFFF	17
4237	#FFFFFF	17
4238	#FFFFFF	17
4239	#FFFFFF	17
4240	#FFFFFF	17
4241	#FFFFFF	17
4242	#FFFFFF	17
4244	#FFFFFF	17
4245	#FFFFFF	17
4246	#FFFFFF	17
4247	#FFFFFF	17
4248	#FFFFFF	17
4249	#FFFFFF	17
4250	#FFFEFF	139
4251	#FFFFFF	17
4252	#FFFFFF	17
4253	#FFFFFF	17
4254	#FFFFFF	17
4255	#FFFFFF	17
4256	#FFFFFF	17
4257	#FFFFFF	17
4258	#FFFFFF	17
4259	#FFFFFF	166
4260	#FFFFFF	166
4261	#FFFFFF	166
4262	#FFFFFF	166
4263	#FFFFFF	166
4264	#FFFFFF	166
4265	#FFFFFF	166
4266	#FFFFFF	166
4268	#FFFFFF	166
4269	#FFFFFF	166
4270	#FFFFFF	166
4271	#FFFFFF	166
4272	#FFFFFF	166
4273	#FFFFFF	166
4274	#FFFFFF	17
4275	#FFFFFF	17
4276	#FFFFFF	9
4277	#FFFFFF	9
4278	#FFFFFF	17
4279	#FFFFFF	17
4280	#FFFFFF	9
4281	#FFFFFF	9
4282	#FFFFFF	9
4283	#FFFFFF	17
4284	#FFFFFF	17
4285	#FFFFFF	17
4286	#FFFFFF	17
4287	#FFFFFF	17
4288	#FFFFFF	17
4289	#FFFFFF	17
4290	#FFFFFF	17
4291	#FFFFFF	17
4292	#FFFFFF	17
4293	#FFFFFF	17
4295	#FFFFFF	17
4296	#FFFFFF	17
4297	#FFFFFF	17
4298	#FFFFFF	17
4299	#FFFFFF	17
4300	#FFFEFF	139
4301	#FFFFFF	17
4302	#FFFFFF	17
4303	#FFFFFF	17
4304	#FFFFFF	17
4305	#FFFFFF	17
4306	#FFFFFF	17
4308	#FFFFFF	17
4309	#FFFFFF	166
4310	#FFFFFF	166
4311	#FFFFFF	166
4312	#FFFFFF	166
4313	#FFFFFF	166
4314	#FFFFFF	166
4315	#FFFFFF	166
4316	#FFFFFF	166
4317	#FFFFFF	166
4318	#FFFFFF	17
4319	#FFFFFF	166
4320	#FFFFFF	166
4321	#FFFFFF	166
4322	#FFFFFF	166
4323	#FFFFFF	166
4324	#FFFFFF	17
4325	#FFFFFF	17
4326	#FFFFFF	9
4327	#FFFFFF	9
4328	#FFFFFF	9
4329	#FFFFFF	17
4330	#FFFFFF	17
4331	#FFFFFF	9
4332	#FFFFFF	9
4333	#FFFFFF	17
4334	#FFFFFF	17
4335	#FFFFFF	17
4336	#FFFFFF	17
4337	#FFFFFF	17
4338	#FFFFFF	17
4339	#FFFFFF	17
4340	#FFFFFF	17
4341	#FFFFFF	17
4342	#FFFFFF	17
4343	#FFFFFF	17
4345	#FFFFFF	17
4346	#FFFFFF	17
4347	#FFFFFF	17
4348	#FFFFFF	17
4349	#FFFFFF	17
4350	#FFFFFF	17
4351	#FFFEFF	139
4352	#FFFFFF	17
4353	#FFFFFF	17
4354	#FFFFFF	17
4355	#FFFFFF	17
4356	#FFFFFF	17
4357	#FFFFFF	552
4358	#FFFFFF	17
4359	#FFFFFF	17
4360	#FFFFFF	166
4361	#FFFFFF	166
4362	#FFFFFF	166
4363	#FFFFFF	166
4364	#FFFFFF	166
4365	#FFFFFF	166
4366	#FFFFFF	166
4367	#FFFFFF	166
4368	#FFFFFF	17
4369	#FFFFFF	166
4370	#FFFFFF	166
4371	#FFFFFF	166
4372	#FFFFFF	166
4373	#FFFFFF	166
4374	#FFFFFF	17
4375	#FFFFFF	17
4376	#FFFFFF	9
4377	#FFFFFF	9
4378	#FFFFFF	9
4379	#FFFFFF	17
4380	#FFFFFF	9
4381	#FFFFFF	17
4382	#FFFFFF	17
4383	#FFFFFF	17
4384	#FFFFFF	17
4385	#FFFFFF	17
4386	#FFFFFF	17
4387	#FFFFFF	17
4388	#FFFFFF	17
4389	#FFFFFF	17
4390	#FFFFFF	17
4391	#FFFFFF	17
4392	#FFFFFF	17
4393	#FFFFFF	17
4394	#FFFFFF	17
4396	#FFFFFF	17
4398	#FFFFFF	17
4399	#FFFFFF	17
4400	#FFFFFF	17
4401	#FFFFFF	17
4402	#FFFEFF	139
4403	#FFFFFF	17
4404	#FFFFFF	17
4405	#FFFFFF	17
4406	#FFFFFF	17
4407	#FFFFFF	17
4408	#FFFFFF	17
4409	#FFFFFF	17
4410	#FFFFFF	166
4411	#FFFFFF	166
4412	#FFFFFF	166
4413	#FFFFFF	166
4414	#FFFFFF	166
4415	#FFFFFF	166
4416	#FFFFFF	166
4417	#FFFFFF	166
4418	#FFFFFF	166
4419	#FFFFFF	17
4420	#FFFFFF	166
4421	#FFFFFF	166
4422	#FFFFFF	166
4423	#FFFFFF	166
4424	#FFFFFF	166
4425	#FFFFFF	17
4426	#FFFFFF	17
4427	#FFFFFF	9
4428	#FFFFFF	9
4429	#FFFFFF	9
4430	#FFFFFF	17
4431	#FFFFFF	9
4432	#FFFFFF	17
4433	#FFFFFF	17
4434	#FFFFFF	17
4435	#FFFFFF	17
4436	#FFFFFF	17
4437	#FFFFFF	17
4438	#FFFFFF	17
4439	#FFFFFF	17
4440	#FFFFFF	17
4441	#FFFFFF	17
4442	#FFFFFF	17
4443	#FFFFFF	17
4444	#FFFFFF	17
4446	#FFFFFF	17
4447	#FFFFFF	17
4448	#FFFFFF	17
4449	#FFFFFF	17
4450	#FFFFFF	17
4451	#FFFFFF	17
4452	#FFFFFF	17
4453	#FFFFFF	17
4454	#FFFFFF	166
4455	#FFFFFF	17
4456	#FFFFFF	17
4457	#FFFFFF	17
4458	#FFFFFF	17
4459	#FFFFFF	17
4460	#FFFFFF	17
4461	#FFFFFF	166
4462	#FFFFFF	166
4463	#FFFFFF	166
4464	#FFFFFF	166
4465	#FFFFFF	166
4466	#FFFFFF	166
4467	#FFFFFF	166
4468	#FFFFFF	166
4469	#FFFFFF	17
4470	#FFFFFF	166
4471	#FFFFFF	166
4472	#FFFFFF	166
4473	#FFFFFF	166
4474	#FFFFFF	17
4475	#FFFFFF	17
4476	#FFFFFF	17
4477	#FFFFFF	17
4478	#FFFFFF	9
4479	#FFFFFF	9
4480	#FFFFFF	17
4481	#FFFFFF	9
4482	#FFFFFF	9
4483	#FFFFFF	17
4484	#FFFFFF	17
4485	#FFFFFF	17
4486	#FFFFFF	17
4487	#FFFFFF	17
4488	#FFFFFF	17
4489	#FFFFFF	17
4490	#FFFFFF	17
4491	#FFFFFF	17
4492	#FFFFFF	17
4493	#FFFFFF	17
4494	#FFFFFF	17
4495	#FFFFFF	17
4497	#FFFFFF	17
4498	#FFFFFF	17
4499	#FFFFFF	17
4500	#FFFFFF	17
4501	#FFFFFF	17
4502	#FFFFFF	17
4503	#FFFFFF	17
4504	#FFFFFF	17
4505	#FFFFFF	166
4506	#FFFFFF	17
4507	#FFFFFF	17
4508	#FFFFFF	17
4509	#FFFFFF	17
4510	#FFFFFF	166
4511	#FFFFFF	166
4512	#FFFFFF	166
4513	#FFFFFF	166
4514	#FFFFFF	166
4515	#FFFFFF	166
4516	#FFFFFF	166
4517	#FFFFFF	166
4518	#FFFFFF	166
4519	#FFFFFF	166
4520	#FFFFFF	17
4521	#FFFFFF	166
4522	#FFFFFF	166
4523	#FFFFFF	166
4524	#FFFFFF	17
4525	#FFFFFF	17
4526	#FFFFFF	17
4527	#FFFFFF	166
4528	#FFFFFF	17
4529	#FFFFFF	17
4530	#FFFFFF	9
4531	#FFFFFF	17
4532	#FFFFFF	9
4533	#FFFFFF	17
4534	#FFFFFF	17
4535	#FFFFFF	17
4536	#FFFFFF	17
4537	#FFFFFF	17
4538	#FFFFFF	17
4539	#FFFFFF	17
4540	#FFFFFF	17
4541	#FFFFFF	17
4542	#FFFFFF	17
4543	#FFFFFF	17
4544	#FFFFFF	17
4545	#FFFFFF	17
4547	#FFFEFF	139
4548	#FFFEFF	139
4550	#FFFEFF	139
4551	#FFFEFF	139
4552	#FFFEFF	139
4553	#FFFEFF	139
4554	#FFFFFF	17
4555	#FFFEFF	139
4556	#FFFFFF	17
4557	#FFFFFF	17
4558	#FFFFFF	17
4559	#FFFFFF	17
4560	#FFFFFF	17
4561	#FFFFFF	17
4562	#FFFFFF	166
4563	#FFFFFF	166
4564	#FFFFFF	166
4565	#FFFFFF	166
4566	#FFFFFF	166
4567	#FFFFFF	17
4568	#FFFFFF	17
4569	#FFFFFF	166
4570	#FFFFFF	17
4571	#FFFFFF	17
4572	#FFFFFF	166
4573	#FFFFFF	17
4574	#FFFFFF	17
4575	#FFFFFF	17
4576	#FFFFFF	17
4577	#FFFFFF	17
4578	#FFFFFF	17
4579	#FFFFFF	17
4580	#FFFFFF	17
4581	#FFFEFF	139
4582	#FFFFFF	9
4583	#FFFFFF	17
4584	#FFFFFF	17
4585	#FFFFFF	9
4586	#FFFFFF	9
4587	#FFFFFF	9
4588	#FFFFFF	9
4589	#FFFFFF	9
4590	#FFFFFF	9
4591	#FFFFFF	308
4592	#FFFEFF	139
4593	#FFFEFF	139
4594	#FFFFFF	17
4595	#FFFEFF	139
4596	#FFFEFF	139
4598	#FFFEFF	139
4599	#FFFEFF	139
4601	#FFFEFF	139
4602	#FFFFFF	17
4603	#FFFEFF	139
4604	#FFFFFF	17
4605	#FFFFFF	17
4606	#FFFFFF	17
4607	#FFFFFF	17
4608	#FFFFFF	17
4609	#FFFFFF	17
4610	#FFFFFF	17
4611	#FFFFFF	17
4612	#FFFFFF	166
4613	#FFFFFF	166
4614	#FFFFFF	166
4615	#FFFFFF	166
4616	#FFFFFF	17
4617	#FFFFFF	166
4618	#FFFFFF	17
4619	#FFFFFF	17
4620	#FFFFFF	17
4621	#FFFEFF	139
4622	#FFFFFF	17
4623	#FFFFFF	17
4624	#FFFFFF	17
4625	#FFFFFF	17
4626	#FFFFFF	17
4627	#FFFFFF	17
4628	#FFFFFF	17
4629	#FFFFFF	17
4630	#FFFFFF	9
4631	#FFFFFF	9
4632	#FFFEFF	139
4633	#FFFFFF	17
4634	#FFFFFF	9
4635	#FFFFFF	9
4636	#FFFFFF	9
4637	#FFFFFF	9
4638	#FFFFFF	9
4639	#FFFFFF	9
4640	#FFFFFF	9
4641	#FFFFFF	308
4642	#FFFEFF	139
4643	#FFFEFF	139
4644	#FFFEFF	139
4645	#FFFEFF	139
4646	#FFFEFF	139
4648	#FFFEFF	139
4649	#FFFEFF	139
4650	#FFFEFF	139
4652	#FFFFFF	17
4653	#FFFEFF	139
4654	#FFFFFF	17
4655	#FFFFFF	17
4656	#FFFFFF	17
4657	#FFFFFF	17
4658	#FFFFFF	17
4659	#FFFFFF	17
4660	#FFFEFF	139
4661	#FFFFFF	17
4662	#FFFFFF	17
4663	#FFFFFF	166
4664	#FFFFFF	166
4665	#FFFFFF	166
4666	#FFFFFF	17
4667	#FFFFFF	17
4668	#FFFFFF	17
4669	#FFFFFF	166
4670	#FFFFFF	17
4671	#FFFEFF	139
4672	#FFFFFF	17
4673	#FFFFFF	17
4674	#FFFFFF	9
4675	#FFFFFF	17
4676	#FFFFFF	17
4677	#FFFFFF	17
4678	#FFFFFF	17
4679	#FFFFFF	9
4680	#FFFFFF	17
4681	#FFFFFF	9
4682	#FFFEFF	139
4683	#FFFFFF	17
4684	#FFFFFF	17
4685	#FFFFFF	9
4686	#FFFFFF	9
4687	#FFFFFF	9
4688	#FFFFFF	9
4689	#FFFFFF	9
4690	#FFFFFF	9
4691	#FFFFFF	9
4692	#FFFFFF	308
4693	#FFFEFF	139
4694	#FFFEFF	139
4695	#FFFEFF	139
4696	#FFFEFF	139
4697	#FFFEFF	139
4699	#FFFEFF	139
4700	#FFFEFF	139
4701	#FFFEFF	139
4703	#FFFFFF	17
4704	#FFFFFF	17
4705	#FFFFFF	17
4706	#FFFFFF	17
4707	#FFFFFF	17
4708	#FFFFFF	17
4709	#FFFFFF	17
4710	#FFFFFF	17
4711	#FFFEFF	139
4712	#FFFFFF	17
4713	#FFFFFF	17
4714	#FFFFFF	166
4715	#FFFFFF	166
4716	#FFFFFF	166
4717	#FFFFFF	17
4718	#FFFFFF	17
4719	#FFFFFF	166
4720	#FFFFFF	17
4721	#FFFFFF	17
4722	#FFFEFF	139
4723	#FFFFFF	17
4724	#FFFFFF	17
4725	#FFFFFF	9
4726	#FFFFFF	9
4727	#FFFFFF	17
4728	#FFFFFF	17
4729	#FFFFFF	9
4730	#FFFFFF	9
4731	#FFFFFF	17
4732	#FFFFFF	9
4733	#FFFEFF	139
4734	#FFFFFF	17
4735	#FFFFFF	9
4736	#FFFFFF	9
4737	#FFFFFF	9
4738	#FFFFFF	9
4739	#FFFFFF	9
4740	#FFFFFF	9
4741	#FFFFFF	9
4742	#FFFFFF	308
4743	#FFFEFF	139
4744	#FFFEFF	139
4745	#FFFEFF	139
4746	#FFFEFF	139
4747	#FFFEFF	139
4749	#FFFEFF	139
4750	#FFFEFF	139
4751	#FFFFFF	17
4752	#FFFEFF	139
4754	#FFFFFF	17
4755	#FFFFFF	17
4756	#FFFFFF	17
4757	#FFFFFF	17
4758	#FFFFFF	17
4759	#FFFFFF	17
4760	#FFFFFF	17
4761	#FFFEFF	139
4762	#FFFFFF	17
4763	#FFFFFF	17
4764	#FFFFFF	166
4765	#FFFFFF	166
4766	#FFFFFF	166
4767	#FFFFFF	166
4768	#FFFFFF	17
4769	#FFFFFF	166
4770	#FFFFFF	17
4771	#FFFFFF	17
4772	#FFFEFF	139
4773	#FFFFFF	17
4774	#FFFFFF	9
4775	#FFFFFF	9
4776	#FFFFFF	9
4777	#FFFFFF	9
4778	#FFFFFF	17
4779	#FFFFFF	17
4780	#FFFFFF	9
4781	#FFFFFF	9
4782	#FFFFFF	9
4783	#FFFEFF	139
4784	#FFFFFF	9
4785	#FFFFFF	9
4786	#FFFFFF	9
4787	#FFFFFF	9
4788	#FFFFFF	9
4789	#FFFFFF	9
4790	#FFFFFF	9
4791	#FFFFFF	386
4792	#FFFFFF	308
4793	#FFFFFF	308
4794	#FFFEFF	139
4795	#FFFEFF	139
4796	#FFFEFF	139
4797	#FFFEFF	139
4798	#FFFFFF	17
4800	#FFFEFF	139
4801	#FFFEFF	139
4802	#FFFEFF	139
4803	#FFFFFF	17
4805	#FFFFFF	17
4806	#FFFFFF	17
4807	#FFFFFF	17
4808	#FFFFFF	17
4809	#FFFFFF	17
4810	#FFFFFF	17
4811	#FFFFFF	17
4812	#FFFEFF	139
4813	#FFFFFF	17
4814	#FFFFFF	17
4815	#FFFFFF	166
4816	#FFFFFF	166
4817	#FFFFFF	166
4818	#FFFFFF	166
4819	#FFFFFF	166
4820	#FFFFFF	166
4821	#FFFFFF	17
4822	#FFFFFF	17
4823	#FFFEFF	139
4824	#FFFFFF	17
4825	#FFFFFF	9
4826	#FFFFFF	9
4827	#FFFFFF	9
4828	#FFFFFF	9
4829	#FFFFFF	9
4830	#FFFFFF	9
4831	#FFFFFF	9
4832	#FFFFFF	9
4833	#FFFFFF	9
4834	#FFFEFF	139
4835	#FFFFFF	9
4836	#FFFFFF	9
4837	#FFFFFF	386
4838	#FFFFFF	9
4839	#FFFFFF	9
4840	#FFFFFF	386
4841	#FFFFFF	386
4842	#FFFFFF	9
4843	#FFFFFF	308
4844	#FFFEFF	139
4845	#FFFEFF	139
4846	#FFFEFF	139
4847	#FFFEFF	139
4848	#FFFFFF	17
4850	#FFFEFF	139
4851	#FFFEFF	139
4852	#FFFFFF	17
4853	#FFFFFF	17
4854	#FFFFFF	17
4856	#FFFFFF	17
4857	#FFFFFF	17
4858	#FFFFFF	17
4859	#FFFFFF	17
4860	#FFFFFF	17
4861	#FFFFFF	17
4862	#FFFEFF	139
4863	#FFFFFF	17
4864	#FFFFFF	17
4865	#FFFFFF	17
4866	#FFFFFF	166
4867	#FFFFFF	166
4868	#FFFFFF	166
4869	#FFFFFF	166
4870	#FFFFFF	17
4871	#FFFFFF	166
4872	#FFFFFF	17
4873	#FFFEFF	139
4874	#FFFFFF	17
4875	#FFFFFF	17
4876	#FFFFFF	9
4877	#FFFFFF	9
4878	#FFFFFF	9
4879	#FFFFFF	9
4880	#FFFFFF	9
4881	#FFFFFF	9
4882	#FFFFFF	9
4883	#FFFFFF	9
4884	#FFFEFF	139
4885	#FFFFFF	9
4886	#FFFFFF	9
4887	#FFFFFF	386
4888	#FFFFFF	386
4889	#FFFFFF	386
4890	#FFFFFF	9
4891	#FFFFFF	386
4892	#FFFFFF	9
4893	#FFFFFF	9
4894	#FFFFFF	308
4895	#FFFEFF	139
4896	#FFFEFF	139
4897	#FFFEFF	139
4898	#FFFEFF	139
4899	#FFFEFF	139
4901	#FFFEFF	139
4902	#FFFEFF	139
4903	#FFFFFF	17
4904	#FFFFFF	17
4905	#FFFFFF	17
4907	#FFFFFF	17
4908	#FFFFFF	17
4909	#FFFFFF	17
4910	#FFFFFF	17
4911	#FFFFFF	17
4912	#FFFFFF	17
4913	#FFFEFF	139
4914	#FFFFFF	17
4915	#FFFFFF	166
4916	#FFFFFF	166
4917	#FFFFFF	166
4918	#FFFFFF	166
4919	#FFFFFF	166
4920	#FFFFFF	17
4921	#FFFFFF	17
4922	#FFFFFF	17
4923	#FFFFFF	17
4924	#FFFEFF	139
4925	#FFFFFF	17
4926	#FFFFFF	9
4927	#FFFFFF	9
4928	#FFFFFF	9
4929	#FFFFFF	9
4930	#FFFFFF	9
4931	#FFFFFF	9
4932	#FFFFFF	9
4933	#FFFFFF	9
4934	#FFFFFF	9
4935	#FFFEFF	139
4936	#FFFFFF	9
4937	#FFFFFF	386
4938	#FFFFFF	386
4939	#FFFFFF	386
4940	#FFFFFF	386
4941	#FFFFFF	386
4942	#FFFFFF	9
4943	#FFFFFF	9
4944	#FFFFFF	9
4945	#CD1076	811
4946	#FFFEFF	139
4947	#FFFEFF	139
4948	#FFFEFF	139
4949	#FFFEFF	139
4951	#FFFEFF	139
4952	#FFFEFF	139
4953	#FFFEFF	139
4954	#FFFFFF	17
4955	#FFFFFF	17
4956	#FFFFFF	17
4958	#FFFFFF	17
4959	#FFFFFF	17
4960	#FFFFFF	17
4961	#FFFFFF	17
4962	#FFFFFF	17
4963	#FFFEFF	139
4964	#FFFFFF	17
4965	#FFFFFF	17
4966	#FFFFFF	166
4967	#FFFFFF	166
4968	#FFFFFF	166
4969	#FFFFFF	166
4970	#FFFFFF	17
4971	#FFFFFF	17
4972	#FFFFFF	17
4973	#FFFFFF	17
4974	#FFFEFF	139
4975	#FFFFFF	17
4976	#FFFFFF	17
4977	#FFFFFF	9
4978	#FFFFFF	9
4979	#FFFFFF	9
4980	#FFFFFF	9
4981	#FFFFFF	9
4982	#FFFFFF	9
4983	#FFFFFF	9
4984	#FFFFFF	9
4985	#FFFEFF	139
4986	#FFFFFF	9
4987	#FFFFFF	9
4988	#FFFFFF	9
4989	#FFFFFF	386
4990	#FFFFFF	386
4991	#FFFFFF	386
4992	#FFFFFF	9
4993	#FFFFFF	9
4994	#FFFFFF	9
4995	#FFFFFF	9
4996	#CD1076	811
4997	#FFFEFF	139
4998	#FFFEFF	139
4999	#FFFEFF	139
5000	#FFFEFF	139
5002	#FFFEFF	139
5003	#FFFEFF	139
5004	#FFFFFF	17
5005	#FFFFFF	17
5006	#FFFFFF	17
5007	#FFFFFF	17
5009	#FFFFFF	17
5010	#FFFFFF	17
5011	#FFFFFF	17
5012	#FFFFFF	17
5013	#FFFFFF	17
5014	#FFFEFF	139
5015	#FFFFFF	17
5016	#FFFFFF	166
5017	#FFFFFF	17
5018	#FFFFFF	166
5019	#FFFFFF	166
5020	#FFFFFF	166
5021	#FFFFFF	17
5022	#FFFFFF	17
5023	#FFFFFF	17
5024	#FFFFFF	17
5025	#FFFEFF	139
5026	#FFFFFF	17
5027	#FFFFFF	9
5028	#FFFFFF	9
5029	#FFFFFF	9
5030	#FFFFFF	9
5031	#FFFFFF	9
5032	#FFFFFF	9
5033	#FFFFFF	9
5034	#FFFFFF	9
5035	#FFFFFF	9
5036	#FFFEFF	139
5037	#FFFFFF	9
5038	#FFFFFF	9
5039	#FFFFFF	386
5040	#FFFFFF	386
5041	#FFFFFF	386
5042	#FFFFFF	386
5043	#FFFFFF	386
5044	#FFFFFF	9
5045	#FFFFFF	9
5046	#FFFEFF	139
5047	#FFFEFF	139
5048	#FFFEFF	139
5049	#FFFEFF	139
5050	#FFFFFF	17
5052	#FFFEFF	139
5053	#FFFEFF	139
5054	#FFFFFF	17
5055	#FFFFFF	17
5056	#FFFFFF	17
5057	#FFFFFF	17
5058	#FFFFFF	17
5060	#FFFFFF	17
5061	#FFFFFF	17
5062	#FFFFFF	17
5063	#FFFFFF	17
5064	#FFFEFF	139
5065	#FFFFFF	17
5066	#FFFFFF	166
5067	#FFFFFF	17
5068	#FFFFFF	17
5069	#FFFFFF	17
5070	#FFFFFF	17
5071	#FFFFFF	166
5072	#FFFFFF	17
5073	#FFFFFF	17
5074	#FFFFFF	9
5075	#FFFEFF	139
5076	#FFFFFF	17
5077	#FFFFFF	9
5078	#FFFFFF	9
5079	#FFFFFF	9
5080	#FFFFFF	9
5081	#FFFFFF	17
5082	#FFFFFF	9
5083	#FFFFFF	9
5084	#FFFFFF	9
5085	#FFFFFF	9
5086	#FFFEFF	139
5087	#FFFFFF	9
5088	#FFFFFF	9
5089	#FFFFFF	386
5090	#FFFFFF	9
5091	#FFFFFF	9
5092	#FFFFFF	9
5093	#FFFFFF	386
5094	#FFFFFF	386
5095	#FFFFFF	9
5096	#FFFFFF	9
5097	#FFFEFF	139
5098	#FFFEFF	139
5099	#FFFEFF	139
5100	#FFFEFF	139
5101	#FFFFFF	17
