x	y	clickSelects	showSelected1
-0.0762311768633501	1	1	log2(tiles)=2.50 log10(pixels)=3.25
0.0195316845312554	1	2	log2(tiles)=2.00 log10(pixels)=3.00
0.0747764624755458	1	3	log2(tiles)=3.00 log10(pixels)=3.75
0.124178055474675	1	4	log2(tiles)=1.00 log10(pixels)=3.00
-0.0664454663811385	1	5	log2(tiles)=1.50 log10(pixels)=3.25
0.104828403653655	1	6	log2(tiles)=2.00 log10(pixels)=3.00
-0.0204246898250116	1	7	log2(tiles)=2.25 log10(pixels)=3.50
-0.0820921899985199	1	8	log2(tiles)=1.50 log10(pixels)=3.25
-0.097314243963214	1	9	log2(tiles)=3.50 log10(pixels)=4.25
0.0449069106051923	1	10	log2(tiles)=2.00 log10(pixels)=3.25
0.0453229787866576	1	11	log2(tiles)=1.00 log10(pixels)=2.00
0.0600262489128922	1	12	log2(tiles)=2.00 log10(pixels)=3.50
0.0458800173440754	1	13	log2(tiles)=1.00 log10(pixels)=2.75
0.0680633349627615	1	14	log2(tiles)=1.00 log10(pixels)=2.25
-0.00398889224807419	1	15	log2(tiles)=2.25 log10(pixels)=3.75
0.0950980400142569	1	16	log2(tiles)=1.00 log10(pixels)=1.75
-0.0221849739168132	1	17	log2(tiles)=2.75 log10(pixels)=4.00
0.012837224705172	1	18	log2(tiles)=0.00 log10(pixels)=2.00
-0.074628833561059	1	19	log2(tiles)=2.50 log10(pixels)=3.50
-0.0072396109731625	1	20	log2(tiles)=1.00 log10(pixels)=2.50
-0.0746879085003505	1	21	log2(tiles)=1.50 log10(pixels)=3.00
0.0406369619317033	1	22	log2(tiles)=2.75 log10(pixels)=3.75
-0.0817074872446444	1	23	log2(tiles)=2.50 log10(pixels)=4.00
0.0334237554869499	1	24	log2(tiles)=1.00 log10(pixels)=2.00
0.0861341494653747	1	25	log2(tiles)=3.00 log10(pixels)=3.75
0.1061244442423	1	26	log2(tiles)=1.00 log10(pixels)=2.75
-0.0816140833099999	1	27	log2(tiles)=1.50 log10(pixels)=2.75
-0.103800652904264	1	28	log2(tiles)=2.00 log10(pixels)=2.50
-0.0114410431213843	1	29	log2(tiles)=1.00 log10(pixels)=3.00
-0.102407565961884	1	30	log2(tiles)=2.25 log10(pixels)=3.50
0.0158738437116792	1	31	log2(tiles)=1.00 log10(pixels)=2.50
-0.0338340977140068	1	32	log2(tiles)=2.25 log10(pixels)=3.25
-0.0779021420642825	1	33	log2(tiles)=1.00 log10(pixels)=1.75
-0.0105501823333083	1	34	log2(tiles)=2.00 log10(pixels)=3.00
-0.0751388592621884	1	35	log2(tiles)=1.50 log10(pixels)=2.75
0.0250448070368452	1	36	log2(tiles)=1.00 log10(pixels)=2.50
0.111934276332681	1	37	log2(tiles)=2.00 log10(pixels)=3.00
0.116287339084195	1	38	log2(tiles)=1.00 log10(pixels)=2.75
0.0950980400142568	1	39	log2(tiles)=0.00 log10(pixels)=0.75
0.112131379313037	1	40	log2(tiles)=1.00 log10(pixels)=2.75
-0.0687282284405386	1	41	log2(tiles)=1.50 log10(pixels)=3.25
-0.0325160557860937	1	42	log2(tiles)=0.00 log10(pixels)=2.25
-0.111510743045363	1	43	log2(tiles)=1.50 log10(pixels)=2.75
-0.0622494371796121	1	44	log2(tiles)=1.00 log10(pixels)=2.50
0.0563025007672873	1	45	log2(tiles)=1.00 log10(pixels)=1.50
-0.067526235322847	1	46	log2(tiles)=2.00 log10(pixels)=3.00
-0.0144715530924513	1	47	log2(tiles)=1.00 log10(pixels)=2.25
0.102059991327963	1	48	log2(tiles)=0.00 log10(pixels)=1.50
-0.0222763947111522	1	49	log2(tiles)=1.00 log10(pixels)=2.00
-0.106547323513813	1	50	log2(tiles)=1.00 log10(pixels)=2.75
0.0287536009528289	1	51	log2(tiles)=0.00 log10(pixels)=1.25
0.0203525040833181	1	52	log2(tiles)=2.00 log10(pixels)=3.50
0.0208520116421442	1	53	log2(tiles)=0.00 log10(pixels)=1.75
0.000663919463243623	1	54	log2(tiles)=0.00 log10(pixels)=3.25
0.000420002308894052	1	55	log2(tiles)=0.00 log10(pixels)=2.25
0.0263392773898441	1	56	log2(tiles)=1.50 log10(pixels)=2.50
-0.0195421077239	1	57	log2(tiles)=0.00 log10(pixels)=3.00
-0.0565970969375824	1	58	log2(tiles)=2.00 log10(pixels)=3.25
0.121990911464915	1	59	log2(tiles)=1.50 log10(pixels)=3.25
-0.0969100130080565	1	60	log2(tiles)=1.00 log10(pixels)=2.00
0.0287536009528289	2	61	log2(tiles)=0.00 log10(pixels)=1.25
-0.0985994592184558	1	62	log2(tiles)=0.00 log10(pixels)=2.50
0.106408327038981	1	63	log2(tiles)=1.50 log10(pixels)=3.25
-0.0705810742857072	1	64	log2(tiles)=1.00 log10(pixels)=2.00
-0.0458800173440752	1	65	log2(tiles)=0.00 log10(pixels)=1.25
0.113322860120456	1	66	log2(tiles)=0.00 log10(pixels)=1.75
-0.0114492834995557	1	67	log2(tiles)=0.00 log10(pixels)=2.50
0.12057393120585	1	68	log2(tiles)=1.00 log10(pixels)=2.00
0.112783856719735	1	69	log2(tiles)=2.00 log10(pixels)=2.50
-0.116461091629783	1	70	log2(tiles)=1.00 log10(pixels)=2.25
0.0592903011763157	1	71	log2(tiles)=3.00 log10(pixels)=3.75
-0.101439355060288	1	72	log2(tiles)=2.75 log10(pixels)=4.00
-0.00877392430750512	1	73	log2(tiles)=1.00 log10(pixels)=2.00
-0.0381927709588088	1	74	log2(tiles)=2.00 log10(pixels)=2.75
-0.044992040666664	1	75	log2(tiles)=0.00 log10(pixels)=2.75
0.114277296561586	1	76	log2(tiles)=1.50 log10(pixels)=3.00
0.0122137054764169	1	77	log2(tiles)=2.00 log10(pixels)=3.25
-0.0705810742857072	1	78	log2(tiles)=0.00 log10(pixels)=2.00
0.0164128471123997	1	79	log2(tiles)=1.00 log10(pixels)=2.75
0.0563025007672873	1	80	log2(tiles)=0.00 log10(pixels)=1.50
0.0824384599156054	1	81	log2(tiles)=0.00 log10(pixels)=2.25
-0.0241088635982072	1	82	log2(tiles)=1.50 log10(pixels)=3.00
-0.0555173278498313	1	83	log2(tiles)=1.00 log10(pixels)=2.00
-0.0506099933550872	1	84	log2(tiles)=0.00 log10(pixels)=2.00
0.0413926851582249	1	85	log2(tiles)=1.50 log10(pixels)=2.00
-0.0510299956639812	1	86	log2(tiles)=0.00 log10(pixels)=0.75
-0.00414480482627111	1	87	log2(tiles)=1.00 log10(pixels)=2.75
0.119585774961784	1	88	log2(tiles)=2.00 log10(pixels)=3.00
-0.0779021420642825	1	89	log2(tiles)=1.00 log10(pixels)=2.75
-0.0132282657337552	1	90	log2(tiles)=0.00 log10(pixels)=2.00
0.0924226808222062	1	91	log2(tiles)=0.00 log10(pixels)=2.25
-0.0339966563652008	1	92	log2(tiles)=1.50 log10(pixels)=1.75
-0.0712085656337562	1	93	log2(tiles)=2.50 log10(pixels)=3.75
-0.0195510786217261	1	94	log2(tiles)=0.00 log10(pixels)=1.25
0.0910646070264991	1	95	log2(tiles)=1.00 log10(pixels)=1.50
-0.0192177243336107	1	96	log2(tiles)=1.00 log10(pixels)=2.75
0.0791812460476249	1	97	log2(tiles)=0.00 log10(pixels)=1.00
-0.119788758288394	1	98	log2(tiles)=0.00 log10(pixels)=1.50
-0.0528419686577808	1	99	log2(tiles)=0.00 log10(pixels)=1.50
-0.085026652029182	1	100	log2(tiles)=0.00 log10(pixels)=1.50
0.107934847000454	1	101	log2(tiles)=1.00 log10(pixels)=2.25
0.102059991327962	1	102	log2(tiles)=0.00 log10(pixels)=0.50
-0.119788758288394	2	103	log2(tiles)=0.00 log10(pixels)=1.50
0.00527250510330601	1	104	log2(tiles)=0.00 log10(pixels)=1.25
0.012837224705172	2	105	log2(tiles)=0.00 log10(pixels)=2.00
-0.0915149811213503	1	106	log2(tiles)=1.00 log10(pixels)=2.00
0.102059991327962	2	107	log2(tiles)=0.00 log10(pixels)=0.50
0.0742824552976926	1	108	log2(tiles)=0.00 log10(pixels)=2.25
-0.0624792791635369	1	109	log2(tiles)=2.00 log10(pixels)=3.25
-0.110120913598764	1	110	log2(tiles)=1.00 log10(pixels)=2.25
-0.0739087409443187	1	111	log2(tiles)=1.00 log10(pixels)=2.25
0.0314789170422551	1	112	log2(tiles)=1.00 log10(pixels)=1.50
0.0825089127062364	1	113	log2(tiles)=1.00 log10(pixels)=1.75
-0.0687587626244128	1	114	log2(tiles)=0.00 log10(pixels)=1.75
-0.082682665251824	1	115	log2(tiles)=1.00 log10(pixels)=2.25
0.113943352306837	1	116	log2(tiles)=0.00 log10(pixels)=2.00
-0.0132282657337552	2	117	log2(tiles)=0.00 log10(pixels)=2.00
-0.0985994592184558	2	118	log2(tiles)=0.00 log10(pixels)=2.50
-0.0458800173440752	2	119	log2(tiles)=0.00 log10(pixels)=1.25
-0.0739087409443187	1	120	log2(tiles)=0.00 log10(pixels)=1.25
-0.0195510786217261	2	121	log2(tiles)=0.00 log10(pixels)=1.25
0.00527250510330601	2	122	log2(tiles)=0.00 log10(pixels)=1.25
0.102059991327962	3	123	log2(tiles)=0.00 log10(pixels)=0.50
0.0185139398778875	1	124	log2(tiles)=0.00 log10(pixels)=1.50
0.0825089127062364	1	125	log2(tiles)=0.00 log10(pixels)=1.75
0.0293837776852097	1	126	log2(tiles)=1.50 log10(pixels)=2.00
-0.0916375079047502	1	127	log2(tiles)=1.00 log10(pixels)=2.25
-0.0861861476162833	1	128	log2(tiles)=1.00 log10(pixels)=2.00
-0.00863830616572736	1	129	log2(tiles)=0.00 log10(pixels)=1.50
0.102059991327962	4	130	log2(tiles)=0.00 log10(pixels)=0.50
0.0563025007672873	2	131	log2(tiles)=0.00 log10(pixels)=1.50
-0.119666231504994	1	132	log2(tiles)=1.00 log10(pixels)=2.25
0.0797835966168101	1	133	log2(tiles)=0.00 log10(pixels)=1.50
0.104550032571261	1	134	log2(tiles)=2.00 log10(pixels)=3.50
-0.00863830616572736	1	135	log2(tiles)=1.00 log10(pixels)=1.50
0.111727836017593	1	136	log2(tiles)=1.00 log10(pixels)=1.25
-0.118556230986828	1	137	log2(tiles)=0.00 log10(pixels)=2.75
-0.0739087409443187	2	138	log2(tiles)=0.00 log10(pixels)=1.25
-0.0214335044061569	1	139	log2(tiles)=1.00 log10(pixels)=2.50
0.112783856719735	1	140	log2(tiles)=1.00 log10(pixels)=1.50
0.102059991327963	2	141	log2(tiles)=0.00 log10(pixels)=1.50
-0.0457574905606751	1	142	log2(tiles)=0.00 log10(pixels)=1.00
0.0797835966168101	2	143	log2(tiles)=0.00 log10(pixels)=1.50
0.100370545117563	1	144	log2(tiles)=1.00 log10(pixels)=2.00
0.00527250510330601	3	145	log2(tiles)=0.00 log10(pixels)=1.25
0.0353298350107671	1	146	log2(tiles)=0.00 log10(pixels)=1.75
-0.0598039199714864	1	147	log2(tiles)=0.00 log10(pixels)=1.75
0.102479993636857	1	148	log2(tiles)=1.00 log10(pixels)=2.75
-0.00696195131370558	1	149	log2(tiles)=0.00 log10(pixels)=2.25
0.0797835966168101	3	150	log2(tiles)=0.00 log10(pixels)=1.50
0.0500293592441343	1	151	log2(tiles)=2.00 log10(pixels)=2.75
-0.0886319977650252	1	152	log2(tiles)=1.00 log10(pixels)=2.25
0.00767857486918455	1	153	log2(tiles)=0.00 log10(pixels)=2.25
-0.0228787452803376	1	154	log2(tiles)=0.00 log10(pixels)=1.50
0.0185139398778875	2	155	log2(tiles)=0.00 log10(pixels)=1.50
0.0791812460476249	2	156	log2(tiles)=0.00 log10(pixels)=1.00
0.0563025007672873	3	157	log2(tiles)=0.00 log10(pixels)=1.50
-0.0378123955960423	1	158	log2(tiles)=1.00 log10(pixels)=2.25
-0.0506099933550872	1	159	log2(tiles)=1.00 log10(pixels)=2.00
0	1	160	log2(tiles)=1.00 log10(pixels)=1.00
-0.0762380391712996	1	161	log2(tiles)=2.00 log10(pixels)=3.00
-0.0886319977650252	1	162	log2(tiles)=0.00 log10(pixels)=2.25
-0.0228787452803376	2	163	log2(tiles)=0.00 log10(pixels)=1.50
-0.0510299956639812	2	164	log2(tiles)=0.00 log10(pixels)=0.75
-0.0510299956639813	1	165	log2(tiles)=1.00 log10(pixels)=1.75
0.0527737252919756	1	166	log2(tiles)=1.00 log10(pixels)=2.75
-0.0184112348132612	1	167	log2(tiles)=1.00 log10(pixels)=2.75
0.113943352306837	1	168	log2(tiles)=0.00 log10(pixels)=1.00
-0.00863830616572736	2	169	log2(tiles)=0.00 log10(pixels)=1.50
0.0950980400142568	2	170	log2(tiles)=0.00 log10(pixels)=0.75
-0.0510299956639812	3	171	log2(tiles)=0.00 log10(pixels)=0.75
-0.0257241303992108	1	172	log2(tiles)=0.00 log10(pixels)=1.75
0.0791812460476249	3	173	log2(tiles)=0.00 log10(pixels)=1.00
-0.113509274827518	1	174	log2(tiles)=0.00 log10(pixels)=2.00
-0.0681564120552274	1	175	log2(tiles)=1.00 log10(pixels)=2.25
-0.113509274827518	1	176	log2(tiles)=2.00 log10(pixels)=2.00
0.0510299956639813	1	177	log2(tiles)=1.00 log10(pixels)=1.25
0.111727836017593	1	178	log2(tiles)=0.00 log10(pixels)=1.25
-0.114393726401688	1	179	log2(tiles)=1.00 log10(pixels)=2.50
0.123249290397901	1	180	log2(tiles)=1.00 log10(pixels)=1.50
-0.0257241303992108	2	181	log2(tiles)=0.00 log10(pixels)=1.75
0.0281512503836436	1	182	log2(tiles)=0.00 log10(pixels)=0.75
-0.0510299956639812	4	183	log2(tiles)=0.00 log10(pixels)=0.75
-0.0376020021010439	1	184	log2(tiles)=1.00 log10(pixels)=1.50
0.0924226808222062	1	185	log2(tiles)=1.50 log10(pixels)=2.25
-0.0221132953863266	1	186	log2(tiles)=0.00 log10(pixels)=2.25
0.107209969647868	1	187	log2(tiles)=0.00 log10(pixels)=2.00
0.0950980400142568	3	188	log2(tiles)=0.00 log10(pixels)=0.75
0.111727836017593	2	189	log2(tiles)=1.00 log10(pixels)=1.25
-0.113509274827518	1	190	log2(tiles)=1.00 log10(pixels)=2.00
0.0510299956639812	1	191	log2(tiles)=0.00 log10(pixels)=0.25
-0.0555173278498313	1	192	log2(tiles)=0.00 log10(pixels)=2.00
0.0185139398778875	3	193	log2(tiles)=0.00 log10(pixels)=1.50
-0.119788758288394	3	194	log2(tiles)=0.00 log10(pixels)=1.50
0.0170333392987803	1	195	log2(tiles)=1.50 log10(pixels)=2.00
0.0722192947339193	1	196	log2(tiles)=0.00 log10(pixels)=1.25
-0.0458800173440752	3	197	log2(tiles)=0.00 log10(pixels)=1.25
0.0924226808222062	1	198	log2(tiles)=0.00 log10(pixels)=1.25
0.0465743332104296	1	199	log2(tiles)=1.00 log10(pixels)=2.75
-0.116531544420413	1	200	log2(tiles)=1.00 log10(pixels)=1.75
0.123249290397901	1	201	log2(tiles)=0.00 log10(pixels)=1.50
0.0353298350107671	2	202	log2(tiles)=0.00 log10(pixels)=1.75
0.0791812460476249	4	203	log2(tiles)=0.00 log10(pixels)=1.00
0.102059991327963	3	204	log2(tiles)=0.00 log10(pixels)=1.50
0.0950980400142568	4	205	log2(tiles)=0.00 log10(pixels)=0.75
0.00527250510330601	4	206	log2(tiles)=0.00 log10(pixels)=1.25
0.0287536009528289	3	207	log2(tiles)=0.00 log10(pixels)=1.25
-0.085026652029182	1	208	log2(tiles)=2.00 log10(pixels)=1.50
-0.113509274827518	2	209	log2(tiles)=1.00 log10(pixels)=2.00
-0.102059991327962	1	210	log2(tiles)=1.00 log10(pixels)=1.50
0.0510299956639813	2	211	log2(tiles)=1.00 log10(pixels)=1.25
0.113943352306837	1	212	log2(tiles)=1.00 log10(pixels)=1.00
0.113943352306837	2	213	log2(tiles)=0.00 log10(pixels)=1.00
0.107332496431269	1	214	log2(tiles)=1.00 log10(pixels)=2.75
-0.0969100130080565	1	215	log2(tiles)=1.50 log10(pixels)=1.00
-0.0779021420642825	2	216	log2(tiles)=1.00 log10(pixels)=1.75
0.0492893340876801	1	217	log2(tiles)=2.00 log10(pixels)=3.25
-0.0458800173440752	4	218	log2(tiles)=0.00 log10(pixels)=1.25
-0.0195510786217261	3	219	log2(tiles)=0.00 log10(pixels)=1.25
0.0510299956639812	2	220	log2(tiles)=0.00 log10(pixels)=0.25
-0.103871964321762	1	221	log2(tiles)=0.00 log10(pixels)=1.25
0.0510299956639812	3	222	log2(tiles)=0.00 log10(pixels)=0.25
-0.0457574905606751	2	223	log2(tiles)=0.00 log10(pixels)=1.00
-0.0969100130080565	1	224	log2(tiles)=0.00 log10(pixels)=1.00
0.0281512503836436	2	225	log2(tiles)=0.00 log10(pixels)=0.75
0.0132586652835167	1	226	log2(tiles)=2.00 log10(pixels)=3.00
0.0924226808222062	1	227	log2(tiles)=1.00 log10(pixels)=1.25
0.0629133566428555	1	228	log2(tiles)=1.00 log10(pixels)=1.75
-0.0457574905606751	3	229	log2(tiles)=0.00 log10(pixels)=1.00
0.00527250510330601	1	230	log2(tiles)=1.00 log10(pixels)=1.25
-0.0457574905606751	4	231	log2(tiles)=0.00 log10(pixels)=1.00
0.0510299956639812	4	232	log2(tiles)=0.00 log10(pixels)=0.25
-0.0969100130080565	2	233	log2(tiles)=0.00 log10(pixels)=1.00
0.0924226808222062	2	234	log2(tiles)=0.00 log10(pixels)=1.25
-0.0280644001719947	1	235	log2(tiles)=2.00 log10(pixels)=3.25
0.0413926851582249	1	236	log2(tiles)=0.00 log10(pixels)=1.00
0.0695439355418688	1	237	log2(tiles)=0.00 log10(pixels)=1.75
-0.102059991327962	1	238	log2(tiles)=0.00 log10(pixels)=1.50
-0.113512103646634	1	239	log2(tiles)=2.00 log10(pixels)=2.75
-0.0228787452803376	3	240	log2(tiles)=0.00 log10(pixels)=1.50
0.0789908554494287	1	241	log2(tiles)=2.25 log10(pixels)=3.25
0.113943352306837	3	242	log2(tiles)=0.00 log10(pixels)=1.00
-0.0458800173440752	5	243	log2(tiles)=0.00 log10(pixels)=1.25
0.0658478186735176	1	244	log2(tiles)=0.00 log10(pixels)=2.50
0.0510299956639813	3	245	log2(tiles)=1.00 log10(pixels)=1.25
0.102059991327962	5	246	log2(tiles)=0.00 log10(pixels)=0.50
0.113943352306837	4	247	log2(tiles)=0.00 log10(pixels)=1.00
0.102059991327962	6	248	log2(tiles)=0.00 log10(pixels)=0.50
-0.0739087409443187	3	249	log2(tiles)=0.00 log10(pixels)=1.25
-0.10790539730952	1	250	log2(tiles)=0.00 log10(pixels)=2.00
0.0374264979406238	1	251	log2(tiles)=0.00 log10(pixels)=2.00
0.117933835039641	1	252	log2(tiles)=2.25 log10(pixels)=3.00
0.0287536009528289	4	253	log2(tiles)=0.00 log10(pixels)=1.25
0.0413926851582249	2	254	log2(tiles)=0.00 log10(pixels)=1.00
0.0510299956639812	5	255	log2(tiles)=0.00 log10(pixels)=0.25
0.0510299956639812	6	256	log2(tiles)=0.00 log10(pixels)=0.25
0.0185139398778875	4	257	log2(tiles)=0.00 log10(pixels)=1.50
-0.0510299956639812	5	258	log2(tiles)=0.00 log10(pixels)=0.75
0.0722192947339193	2	259	log2(tiles)=0.00 log10(pixels)=1.25
0	1	260	log2(tiles)=0.00 log10(pixels)=1.00
-0.0739087409443187	4	261	log2(tiles)=0.00 log10(pixels)=1.25
0.0563025007672873	4	262	log2(tiles)=0.00 log10(pixels)=1.50
0.0353298350107671	3	263	log2(tiles)=0.00 log10(pixels)=1.75
-0.0457574905606751	5	264	log2(tiles)=0.00 log10(pixels)=1.00
-0.0506099933550872	2	265	log2(tiles)=1.00 log10(pixels)=2.00
0.0510299956639812	7	266	log2(tiles)=0.00 log10(pixels)=0.25
0.0950980400142568	5	267	log2(tiles)=0.00 log10(pixels)=0.75
0.0423916894982539	1	268	log2(tiles)=1.00 log10(pixels)=1.75
-0.0969100130080565	3	269	log2(tiles)=0.00 log10(pixels)=1.00
0.0950980400142568	6	270	log2(tiles)=0.00 log10(pixels)=0.75
0.0510299956639812	8	271	log2(tiles)=0.00 log10(pixels)=0.25
0.0413926851582249	3	272	log2(tiles)=0.00 log10(pixels)=1.00
0.0287536009528289	5	273	log2(tiles)=0.00 log10(pixels)=1.25
0.0413926851582249	4	274	log2(tiles)=0.00 log10(pixels)=1.00
0.0797835966168101	4	275	log2(tiles)=0.00 log10(pixels)=1.50
0.102059991327962	7	276	log2(tiles)=0.00 log10(pixels)=0.50
-0.0228787452803376	1	277	log2(tiles)=0.00 log10(pixels)=0.50
0.0791812460476249	5	278	log2(tiles)=0.00 log10(pixels)=1.00
0.0791812460476249	6	279	log2(tiles)=0.00 log10(pixels)=1.00
-0.085026652029182	2	280	log2(tiles)=0.00 log10(pixels)=1.50
0.113943352306837	2	281	log2(tiles)=1.00 log10(pixels)=1.00
0.0281512503836436	3	282	log2(tiles)=0.00 log10(pixels)=0.75
0.00527250510330601	5	283	log2(tiles)=0.00 log10(pixels)=1.25
-0.0195510786217261	4	284	log2(tiles)=0.00 log10(pixels)=1.25
0.113943352306837	5	285	log2(tiles)=0.00 log10(pixels)=1.00
0.0287536009528289	1	286	log2(tiles)=1.00 log10(pixels)=1.25
-0.0376020021010439	1	287	log2(tiles)=0.00 log10(pixels)=1.50
-0.0731432910503078	1	288	log2(tiles)=1.00 log10(pixels)=3.00
-0.00877392430750512	2	289	log2(tiles)=1.00 log10(pixels)=2.00
0	2	290	log2(tiles)=0.00 log10(pixels)=1.00
0.0510299956639812	9	291	log2(tiles)=0.00 log10(pixels)=0.25
0.0281512503836436	4	292	log2(tiles)=0.00 log10(pixels)=0.75
0.0791812460476249	7	293	log2(tiles)=0.00 log10(pixels)=1.00
-0.0969100130080565	4	294	log2(tiles)=0.00 log10(pixels)=1.00
-0.0457574905606751	6	295	log2(tiles)=0.00 log10(pixels)=1.00
0.0950980400142568	7	296	log2(tiles)=0.00 log10(pixels)=0.75
-0.0967874862246563	1	297	log2(tiles)=0.00 log10(pixels)=1.75
0.068201724066995	1	298	log2(tiles)=0.00 log10(pixels)=1.50
-0.085026652029182	1	299	log2(tiles)=1.00 log10(pixels)=1.50
-0.106547323513813	1	300	log2(tiles)=0.00 log10(pixels)=1.75
0.0924226808222062	3	301	log2(tiles)=0.00 log10(pixels)=1.25
0.0924226808222062	4	302	log2(tiles)=0.00 log10(pixels)=1.25
-0.0457574905606751	7	303	log2(tiles)=0.00 log10(pixels)=1.00
-0.0228787452803376	4	304	log2(tiles)=0.00 log10(pixels)=1.50
-0.119788758288394	4	305	log2(tiles)=0.00 log10(pixels)=1.50
-0.0228787452803376	2	306	log2(tiles)=0.00 log10(pixels)=0.50
0	3	307	log2(tiles)=0.00 log10(pixels)=1.00
-0.10078088734462	1	308	log2(tiles)=1.50 log10(pixels)=2.25
-0.0686362358410126	1	309	log2(tiles)=1.00 log10(pixels)=1.50
-0.0969100130080565	5	310	log2(tiles)=0.00 log10(pixels)=1.00
-0.0376020021010439	2	311	log2(tiles)=1.00 log10(pixels)=1.50
0.0510299956639813	1	312	log2(tiles)=0.00 log10(pixels)=1.25
-0.0457574905606751	8	313	log2(tiles)=0.00 log10(pixels)=1.00
-0.0228787452803376	3	314	log2(tiles)=0.00 log10(pixels)=0.50
-0.0228787452803376	4	315	log2(tiles)=0.00 log10(pixels)=0.50
0.0950980400142568	8	316	log2(tiles)=0.00 log10(pixels)=0.75
0	4	317	log2(tiles)=0.00 log10(pixels)=1.00
0.0281512503836436	5	318	log2(tiles)=0.00 log10(pixels)=0.75
-0.0969100130080565	6	319	log2(tiles)=0.00 log10(pixels)=1.00
0.123851640967086	1	320	log2(tiles)=1.00 log10(pixels)=2.00
0.0950980400142568	9	321	log2(tiles)=0.00 log10(pixels)=0.75
-0.0510299956639812	6	322	log2(tiles)=0.00 log10(pixels)=0.75
0.0287536009528289	6	323	log2(tiles)=0.00 log10(pixels)=1.25
-0.102059991327962	2	324	log2(tiles)=0.00 log10(pixels)=1.50
-0.103871964321762	2	325	log2(tiles)=0.00 log10(pixels)=1.25
-0.0510299956639812	7	326	log2(tiles)=0.00 log10(pixels)=0.75
0.0950980400142568	10	327	log2(tiles)=0.00 log10(pixels)=0.75
-0.0228787452803376	5	328	log2(tiles)=0.00 log10(pixels)=0.50
0.0910646070264991	1	329	log2(tiles)=0.00 log10(pixels)=1.50
-0.0779021420642825	1	330	log2(tiles)=0.00 log10(pixels)=1.75
0.0078558716958308	1	331	log2(tiles)=0.00 log10(pixels)=2.50
0	5	332	log2(tiles)=0.00 log10(pixels)=1.00
-0.116531544420413	1	333	log2(tiles)=0.00 log10(pixels)=1.75
0.102059991327962	8	334	log2(tiles)=0.00 log10(pixels)=0.50
-0.0228787452803376	6	335	log2(tiles)=0.00 log10(pixels)=0.50
0	1	336	log2(tiles)=0.00 log10(pixels)=0.00
-0.0457574905606751	9	337	log2(tiles)=0.00 log10(pixels)=1.00
-0.0195510786217261	5	338	log2(tiles)=0.00 log10(pixels)=1.25
0.0924226808222062	5	339	log2(tiles)=0.00 log10(pixels)=1.25
0.102059991327962	1	340	log2(tiles)=1.00 log10(pixels)=0.50
-0.0228787452803376	7	341	log2(tiles)=0.00 log10(pixels)=0.50
0.0185139398778875	5	342	log2(tiles)=0.00 log10(pixels)=1.50
0.111727836017593	3	343	log2(tiles)=1.00 log10(pixels)=1.25
-0.0739087409443187	1	344	log2(tiles)=1.00 log10(pixels)=1.25
0.00527250510330601	6	345	log2(tiles)=0.00 log10(pixels)=1.25
0.0281512503836436	6	346	log2(tiles)=0.00 log10(pixels)=0.75
0.114897216033135	1	347	log2(tiles)=1.00 log10(pixels)=2.50
-0.106547323513813	2	348	log2(tiles)=0.00 log10(pixels)=1.75
-0.0510299956639812	8	349	log2(tiles)=0.00 log10(pixels)=0.75
0.102059991327962	9	350	log2(tiles)=0.00 log10(pixels)=0.50
0.0287536009528289	7	351	log2(tiles)=0.00 log10(pixels)=1.25
-0.0222763947111522	2	352	log2(tiles)=1.00 log10(pixels)=2.00
0.062811826212088	1	353	log2(tiles)=2.25 log10(pixels)=3.25
-0.0228787452803376	8	354	log2(tiles)=0.00 log10(pixels)=0.50
0	2	355	log2(tiles)=0.00 log10(pixels)=0.00
0.122543524068754	1	356	log2(tiles)=2.00 log10(pixels)=3.00
-0.0228787452803376	9	357	log2(tiles)=0.00 log10(pixels)=0.50
0	6	358	log2(tiles)=0.00 log10(pixels)=1.00
-0.0510299956639812	9	359	log2(tiles)=0.00 log10(pixels)=0.75
0.0510299956639812	10	360	log2(tiles)=0.00 log10(pixels)=0.25
-0.0457574905606751	10	361	log2(tiles)=0.00 log10(pixels)=1.00
-0.0510299956639813	1	362	log2(tiles)=0.00 log10(pixels)=1.75
-0.0228787452803376	10	363	log2(tiles)=0.00 log10(pixels)=0.50
0.0510299956639812	11	364	log2(tiles)=0.00 log10(pixels)=0.25
0	7	365	log2(tiles)=0.00 log10(pixels)=1.00
0.0281512503836436	7	366	log2(tiles)=0.00 log10(pixels)=0.75
0.113943352306837	6	367	log2(tiles)=0.00 log10(pixels)=1.00
0.0510299956639812	12	368	log2(tiles)=0.00 log10(pixels)=0.25
-0.0510299956639812	10	369	log2(tiles)=0.00 log10(pixels)=0.75
0.0413926851582249	5	370	log2(tiles)=0.00 log10(pixels)=1.00
0.0293837776852097	1	371	log2(tiles)=0.00 log10(pixels)=2.00
-0.0195510786217261	6	372	log2(tiles)=0.00 log10(pixels)=1.25
-0.0195510786217261	7	373	log2(tiles)=0.00 log10(pixels)=1.25
0.113943352306837	7	374	log2(tiles)=0.00 log10(pixels)=1.00
0.0510299956639813	2	375	log2(tiles)=0.00 log10(pixels)=1.25
0.102059991327962	10	376	log2(tiles)=0.00 log10(pixels)=0.50
0.0510299956639812	13	377	log2(tiles)=0.00 log10(pixels)=0.25
-0.0886319977650252	2	378	log2(tiles)=1.00 log10(pixels)=2.25
0.0681858617461617	1	379	log2(tiles)=0.00 log10(pixels)=2.00
0.0287536009528289	8	380	log2(tiles)=0.00 log10(pixels)=1.25
0	2	381	log2(tiles)=1.00 log10(pixels)=1.00
-0.0228787452803376	11	382	log2(tiles)=0.00 log10(pixels)=0.50
-0.0739087409443187	5	383	log2(tiles)=0.00 log10(pixels)=1.25
0.111727836017593	1	384	log2(tiles)=2.00 log10(pixels)=1.25
0.031755374652469	1	385	log2(tiles)=1.00 log10(pixels)=2.75
0.112783856719735	2	386	log2(tiles)=1.00 log10(pixels)=1.50
-0.0458800173440752	6	387	log2(tiles)=0.00 log10(pixels)=1.25
0.0950980400142568	11	388	log2(tiles)=0.00 log10(pixels)=0.75
-0.0510299956639812	11	389	log2(tiles)=0.00 log10(pixels)=0.75
0.0281512503836436	8	390	log2(tiles)=0.00 log10(pixels)=0.75
0.0638672203691533	1	391	log2(tiles)=1.00 log10(pixels)=2.25
-0.0969100130080565	7	392	log2(tiles)=0.00 log10(pixels)=1.00
-0.085026652029182	3	393	log2(tiles)=0.00 log10(pixels)=1.50
0.0791812460476249	1	394	log2(tiles)=1.00 log10(pixels)=1.00
-0.0528419686577808	2	395	log2(tiles)=0.00 log10(pixels)=1.50
0.0797835966168101	5	396	log2(tiles)=0.00 log10(pixels)=1.50
-0.116531544420413	2	397	log2(tiles)=0.00 log10(pixels)=1.75
0.0825089127062364	2	398	log2(tiles)=0.00 log10(pixels)=1.75
0	3	399	log2(tiles)=0.00 log10(pixels)=0.00
0.102059991327962	11	400	log2(tiles)=0.00 log10(pixels)=0.50
0	8	401	log2(tiles)=0.00 log10(pixels)=1.00
0.0510299956639812	14	402	log2(tiles)=0.00 log10(pixels)=0.25
-0.119666231504994	1	403	log2(tiles)=0.00 log10(pixels)=2.25
-0.0510299956639812	12	404	log2(tiles)=0.00 log10(pixels)=0.75
-0.0228787452803376	12	405	log2(tiles)=0.00 log10(pixels)=0.50
-0.0228787452803376	13	406	log2(tiles)=0.00 log10(pixels)=0.50
-0.0376020021010439	2	407	log2(tiles)=0.00 log10(pixels)=1.50
0.0950980400142568	12	408	log2(tiles)=0.00 log10(pixels)=0.75
0	9	409	log2(tiles)=0.00 log10(pixels)=1.00
-0.0510299956639812	13	410	log2(tiles)=0.00 log10(pixels)=0.75
0.102059991327962	12	411	log2(tiles)=0.00 log10(pixels)=0.50
0.102059991327962	13	412	log2(tiles)=0.00 log10(pixels)=0.50
-0.0228787452803376	14	413	log2(tiles)=0.00 log10(pixels)=0.50
0.0510299956639813	4	414	log2(tiles)=1.00 log10(pixels)=1.25
0.0281512503836436	9	415	log2(tiles)=0.00 log10(pixels)=0.75
-0.0969100130080565	8	416	log2(tiles)=0.00 log10(pixels)=1.00
-0.0510299956639812	14	417	log2(tiles)=0.00 log10(pixels)=0.75
0.113943352306837	8	418	log2(tiles)=0.00 log10(pixels)=1.00
0.0791812460476249	8	419	log2(tiles)=0.00 log10(pixels)=1.00
0.0281512503836436	10	420	log2(tiles)=0.00 log10(pixels)=0.75
0.112783856719735	1	421	log2(tiles)=0.00 log10(pixels)=1.50
-0.0228787452803376	15	422	log2(tiles)=0.00 log10(pixels)=0.50
0.0510299956639812	15	423	log2(tiles)=0.00 log10(pixels)=0.25
0.00527250510330601	2	424	log2(tiles)=1.00 log10(pixels)=1.25
0.102059991327962	14	425	log2(tiles)=0.00 log10(pixels)=0.50
-0.103871964321762	3	426	log2(tiles)=0.00 log10(pixels)=1.25
0.0314789170422551	2	427	log2(tiles)=1.00 log10(pixels)=1.50
0.0950980400142568	13	428	log2(tiles)=0.00 log10(pixels)=0.75
0.0510299956639812	16	429	log2(tiles)=0.00 log10(pixels)=0.25
0.113943352306837	9	430	log2(tiles)=0.00 log10(pixels)=1.00
0.0281512503836436	11	431	log2(tiles)=0.00 log10(pixels)=0.75
-0.0936649581949092	1	432	log2(tiles)=1.00 log10(pixels)=3.00
0.0760748027008265	1	433	log2(tiles)=0.00 log10(pixels)=1.75
-0.0424298239020637	1	434	log2(tiles)=0.00 log10(pixels)=1.75
-0.0457574905606751	11	435	log2(tiles)=0.00 log10(pixels)=1.00
0.102059991327962	2	436	log2(tiles)=1.00 log10(pixels)=0.50
0	10	437	log2(tiles)=0.00 log10(pixels)=1.00
0.00527250510330601	7	438	log2(tiles)=0.00 log10(pixels)=1.25
-0.0228787452803376	16	439	log2(tiles)=0.00 log10(pixels)=0.50
0	4	440	log2(tiles)=0.00 log10(pixels)=0.00
0.0510299956639812	17	441	log2(tiles)=0.00 log10(pixels)=0.25
0.0510299956639812	18	442	log2(tiles)=0.00 log10(pixels)=0.25
0.0563025007672873	2	443	log2(tiles)=1.00 log10(pixels)=1.50
-0.0228787452803376	17	444	log2(tiles)=0.00 log10(pixels)=0.50
0.0281512503836436	12	445	log2(tiles)=0.00 log10(pixels)=0.75
0.0510299956639812	19	446	log2(tiles)=0.00 log10(pixels)=0.25
-0.0228787452803376	18	447	log2(tiles)=0.00 log10(pixels)=0.50
-0.0228787452803376	19	448	log2(tiles)=0.00 log10(pixels)=0.50
0.0924226808222062	6	449	log2(tiles)=0.00 log10(pixels)=1.25
0.0281512503836436	13	450	log2(tiles)=0.00 log10(pixels)=0.75
0	5	451	log2(tiles)=0.00 log10(pixels)=0.00
-0.0457574905606751	12	452	log2(tiles)=0.00 log10(pixels)=1.00
-0.102059991327962	3	453	log2(tiles)=0.00 log10(pixels)=1.50
0.102059991327962	15	454	log2(tiles)=0.00 log10(pixels)=0.50
-0.103871964321762	4	455	log2(tiles)=0.00 log10(pixels)=1.25
0.0629133566428555	2	456	log2(tiles)=1.00 log10(pixels)=1.75
0.102059991327962	16	457	log2(tiles)=0.00 log10(pixels)=0.50
0.102059991327962	17	458	log2(tiles)=0.00 log10(pixels)=0.50
0.0510299956639812	20	459	log2(tiles)=0.00 log10(pixels)=0.25
0.0510299956639812	21	460	log2(tiles)=0.00 log10(pixels)=0.25
-0.0228787452803376	20	461	log2(tiles)=0.00 log10(pixels)=0.50
0.102059991327962	18	462	log2(tiles)=0.00 log10(pixels)=0.50
0	6	463	log2(tiles)=0.00 log10(pixels)=0.00
0.0281512503836436	14	464	log2(tiles)=0.00 log10(pixels)=0.75
0	7	465	log2(tiles)=0.00 log10(pixels)=0.00
-0.0458800173440752	7	466	log2(tiles)=0.00 log10(pixels)=1.25
0	8	467	log2(tiles)=0.00 log10(pixels)=0.00
-0.103871964321762	5	468	log2(tiles)=0.00 log10(pixels)=1.25
0.0281512503836436	15	469	log2(tiles)=0.00 log10(pixels)=0.75
0.0510299956639812	22	470	log2(tiles)=0.00 log10(pixels)=0.25
-0.00863830616572736	3	471	log2(tiles)=0.00 log10(pixels)=1.50
-0.0195510786217261	1	472	log2(tiles)=1.00 log10(pixels)=1.25
0	9	473	log2(tiles)=0.00 log10(pixels)=0.00
-0.0969100130080565	9	474	log2(tiles)=0.00 log10(pixels)=1.00
0.0950980400142568	14	475	log2(tiles)=0.00 log10(pixels)=0.75
-0.0228787452803376	21	476	log2(tiles)=0.00 log10(pixels)=0.50
0	10	477	log2(tiles)=0.00 log10(pixels)=0.00
0	11	478	log2(tiles)=0.00 log10(pixels)=0.00
0.00527250510330601	8	479	log2(tiles)=0.00 log10(pixels)=1.25
0	12	480	log2(tiles)=0.00 log10(pixels)=0.00
-0.0228787452803376	22	481	log2(tiles)=0.00 log10(pixels)=0.50
-0.0228787452803376	23	482	log2(tiles)=0.00 log10(pixels)=0.50
0.102059991327962	19	483	log2(tiles)=0.00 log10(pixels)=0.50
-0.0457574905606751	13	484	log2(tiles)=0.00 log10(pixels)=1.00
-0.0457574905606751	14	485	log2(tiles)=0.00 log10(pixels)=1.00
0.102059991327962	20	486	log2(tiles)=0.00 log10(pixels)=0.50
-0.0510299956639812	15	487	log2(tiles)=0.00 log10(pixels)=0.75
-0.0739087409443187	6	488	log2(tiles)=0.00 log10(pixels)=1.25
-0.0741724253752576	1	489	log2(tiles)=1.00 log10(pixels)=3.00
-0.0228787452803376	24	490	log2(tiles)=0.00 log10(pixels)=0.50
0.0950980400142568	15	491	log2(tiles)=0.00 log10(pixels)=0.75
-0.0969100130080565	1	492	log2(tiles)=1.00 log10(pixels)=1.00
-0.0228787452803376	25	493	log2(tiles)=0.00 log10(pixels)=0.50
-0.0228787452803376	26	494	log2(tiles)=0.00 log10(pixels)=0.50
0.0281512503836436	16	495	log2(tiles)=0.00 log10(pixels)=0.75
0	13	496	log2(tiles)=0.00 log10(pixels)=0.00
0	14	497	log2(tiles)=0.00 log10(pixels)=0.00
0.111727836017593	2	498	log2(tiles)=0.00 log10(pixels)=1.25
-0.0228787452803376	27	499	log2(tiles)=0.00 log10(pixels)=0.50
0.0510299956639812	23	500	log2(tiles)=0.00 log10(pixels)=0.25
0.0281512503836436	17	501	log2(tiles)=0.00 log10(pixels)=0.75
-0.0872421683184259	1	502	log2(tiles)=0.00 log10(pixels)=1.75
0.102059991327962	21	503	log2(tiles)=0.00 log10(pixels)=0.50
0.0695439355418688	1	504	log2(tiles)=1.50 log10(pixels)=1.75
-0.119788758288394	5	505	log2(tiles)=0.00 log10(pixels)=1.50
-0.0969100130080565	10	506	log2(tiles)=0.00 log10(pixels)=1.00
0.102059991327962	22	507	log2(tiles)=0.00 log10(pixels)=0.50
-0.0376020021010439	3	508	log2(tiles)=0.00 log10(pixels)=1.50
0.102059991327962	23	509	log2(tiles)=0.00 log10(pixels)=0.50
0.102059991327962	24	510	log2(tiles)=0.00 log10(pixels)=0.50
-0.0228787452803376	28	511	log2(tiles)=0.00 log10(pixels)=0.50
0.0510299956639812	1	512	log2(tiles)=1.00 log10(pixels)=0.25
0.0950980400142568	16	513	log2(tiles)=0.00 log10(pixels)=0.75
-0.0228787452803376	29	514	log2(tiles)=0.00 log10(pixels)=0.50
0.0510299956639812	24	515	log2(tiles)=0.00 log10(pixels)=0.25
0.0510299956639812	25	516	log2(tiles)=0.00 log10(pixels)=0.25
0.0510299956639812	26	517	log2(tiles)=0.00 log10(pixels)=0.25
-0.0228787452803376	30	518	log2(tiles)=0.00 log10(pixels)=0.50
-0.103871964321762	6	519	log2(tiles)=0.00 log10(pixels)=1.25
-0.103871964321762	7	520	log2(tiles)=0.00 log10(pixels)=1.25
0.0510299956639812	27	521	log2(tiles)=0.00 log10(pixels)=0.25
-0.0510299956639812	16	522	log2(tiles)=0.00 log10(pixels)=0.75
0.102059991327962	25	523	log2(tiles)=0.00 log10(pixels)=0.50
0.0287536009528289	9	524	log2(tiles)=0.00 log10(pixels)=1.25
0	15	525	log2(tiles)=0.00 log10(pixels)=0.00
0.0510299956639812	28	526	log2(tiles)=0.00 log10(pixels)=0.25
0.0510299956639812	29	527	log2(tiles)=0.00 log10(pixels)=0.25
-0.0510299956639812	17	528	log2(tiles)=0.00 log10(pixels)=0.75
0.102059991327962	26	529	log2(tiles)=0.00 log10(pixels)=0.50
-0.102059991327962	4	530	log2(tiles)=0.00 log10(pixels)=1.50
-0.0228787452803376	31	531	log2(tiles)=0.00 log10(pixels)=0.50
0	16	532	log2(tiles)=0.00 log10(pixels)=0.00
0	17	533	log2(tiles)=0.00 log10(pixels)=0.00
0.102059991327962	27	534	log2(tiles)=0.00 log10(pixels)=0.50
-0.0458800173440752	8	535	log2(tiles)=0.00 log10(pixels)=1.25
0.111727836017593	3	536	log2(tiles)=0.00 log10(pixels)=1.25
0.0510299956639812	30	537	log2(tiles)=0.00 log10(pixels)=0.25
0.0510299956639812	31	538	log2(tiles)=0.00 log10(pixels)=0.25
-0.0969100130080565	11	539	log2(tiles)=0.00 log10(pixels)=1.00
0.0950980400142568	17	540	log2(tiles)=0.00 log10(pixels)=0.75
0.0281512503836436	18	541	log2(tiles)=0.00 log10(pixels)=0.75
0.0510299956639812	32	542	log2(tiles)=0.00 log10(pixels)=0.25
0.0510299956639812	2	543	log2(tiles)=1.00 log10(pixels)=0.25
-0.0510299956639812	18	544	log2(tiles)=0.00 log10(pixels)=0.75
-0.0969100130080565	12	545	log2(tiles)=0.00 log10(pixels)=1.00
-0.103871964321762	1	546	log2(tiles)=1.00 log10(pixels)=1.25
-0.0510299956639812	19	547	log2(tiles)=0.00 log10(pixels)=0.75
-0.0457574905606751	15	548	log2(tiles)=0.00 log10(pixels)=1.00
0.0950980400142568	18	549	log2(tiles)=0.00 log10(pixels)=0.75
0.0510299956639812	33	550	log2(tiles)=0.00 log10(pixels)=0.25
-0.0457574905606751	16	551	log2(tiles)=0.00 log10(pixels)=1.00
0.0695439355418688	1	552	log2(tiles)=2.00 log10(pixels)=1.75
-0.0132282657337552	1	553	log2(tiles)=1.00 log10(pixels)=2.00
0.0510299956639812	34	554	log2(tiles)=0.00 log10(pixels)=0.25
0.102059991327962	28	555	log2(tiles)=0.00 log10(pixels)=0.50
-0.0228787452803376	32	556	log2(tiles)=0.00 log10(pixels)=0.50
0.0950980400142568	19	557	log2(tiles)=0.00 log10(pixels)=0.75
0.0281512503836436	19	558	log2(tiles)=0.00 log10(pixels)=0.75
-0.0142785735184199	1	559	log2(tiles)=1.00 log10(pixels)=2.50
-0.0228787452803376	33	560	log2(tiles)=0.00 log10(pixels)=0.50
0.0510299956639812	35	561	log2(tiles)=0.00 log10(pixels)=0.25
0.0510299956639812	36	562	log2(tiles)=0.00 log10(pixels)=0.25
0.0510299956639812	37	563	log2(tiles)=0.00 log10(pixels)=0.25
0.102059991327962	29	564	log2(tiles)=0.00 log10(pixels)=0.50
0	11	565	log2(tiles)=0.00 log10(pixels)=1.00
0.0413926851582249	6	566	log2(tiles)=0.00 log10(pixels)=1.00
0	18	567	log2(tiles)=0.00 log10(pixels)=0.00
0	19	568	log2(tiles)=0.00 log10(pixels)=0.00
-0.0228787452803376	34	569	log2(tiles)=0.00 log10(pixels)=0.50
0.0510299956639812	38	570	log2(tiles)=0.00 log10(pixels)=0.25
-0.0739087409443187	2	571	log2(tiles)=1.00 log10(pixels)=1.25
-0.0510299956639812	20	572	log2(tiles)=0.00 log10(pixels)=0.75
-0.0228787452803376	35	573	log2(tiles)=0.00 log10(pixels)=0.50
0.0281512503836436	20	574	log2(tiles)=0.00 log10(pixels)=0.75
-0.119788758288394	6	575	log2(tiles)=0.00 log10(pixels)=1.50
0	20	576	log2(tiles)=0.00 log10(pixels)=0.00
-0.0510299956639812	21	577	log2(tiles)=0.00 log10(pixels)=0.75
-0.0376020021010439	4	578	log2(tiles)=0.00 log10(pixels)=1.50
0.0963371121298051	1	579	log2(tiles)=1.00 log10(pixels)=2.75
-0.0228787452803376	36	580	log2(tiles)=0.00 log10(pixels)=0.50
0.0510299956639812	39	581	log2(tiles)=0.00 log10(pixels)=0.25
-0.0228787452803376	37	582	log2(tiles)=0.00 log10(pixels)=0.50
0.113943352306837	10	583	log2(tiles)=0.00 log10(pixels)=1.00
-0.0510299956639812	22	584	log2(tiles)=0.00 log10(pixels)=0.75
-0.0195510786217261	8	585	log2(tiles)=0.00 log10(pixels)=1.25
0	21	586	log2(tiles)=0.00 log10(pixels)=0.00
0	22	587	log2(tiles)=0.00 log10(pixels)=0.00
0.0287536009528289	10	588	log2(tiles)=0.00 log10(pixels)=1.25
-0.0510299956639812	23	589	log2(tiles)=0.00 log10(pixels)=0.75
0	23	590	log2(tiles)=0.00 log10(pixels)=0.00
0	24	591	log2(tiles)=0.00 log10(pixels)=0.00
0	25	592	log2(tiles)=0.00 log10(pixels)=0.00
-0.102059991327962	5	593	log2(tiles)=0.00 log10(pixels)=1.50
0	26	594	log2(tiles)=0.00 log10(pixels)=0.00
0.0791812460476249	9	595	log2(tiles)=0.00 log10(pixels)=1.00
0	27	596	log2(tiles)=0.00 log10(pixels)=0.00
-0.0228787452803376	38	597	log2(tiles)=0.00 log10(pixels)=0.50
0.0950980400142568	1	598	log2(tiles)=1.00 log10(pixels)=0.75
0.0950980400142568	20	599	log2(tiles)=0.00 log10(pixels)=0.75
0.0510299956639813	3	600	log2(tiles)=0.00 log10(pixels)=1.25
-0.0228787452803376	39	601	log2(tiles)=0.00 log10(pixels)=0.50
0	12	602	log2(tiles)=0.00 log10(pixels)=1.00
0.0353298350107671	1	603	log2(tiles)=1.00 log10(pixels)=1.75
0.0510299956639812	40	604	log2(tiles)=0.00 log10(pixels)=0.25
-0.0510299956639813	2	605	log2(tiles)=0.00 log10(pixels)=1.75
-0.102059991327962	6	606	log2(tiles)=0.00 log10(pixels)=1.50
0.100370545117563	2	607	log2(tiles)=1.00 log10(pixels)=2.00
0	28	608	log2(tiles)=0.00 log10(pixels)=0.00
0.0510299956639812	3	609	log2(tiles)=1.00 log10(pixels)=0.25
-0.0510299956639812	24	610	log2(tiles)=0.00 log10(pixels)=0.75
0	29	611	log2(tiles)=0.00 log10(pixels)=0.00
0.0510299956639812	41	612	log2(tiles)=0.00 log10(pixels)=0.25
0.0281512503836436	21	613	log2(tiles)=0.00 log10(pixels)=0.75
0	30	614	log2(tiles)=0.00 log10(pixels)=0.00
0.113943352306837	11	615	log2(tiles)=0.00 log10(pixels)=1.00
0.0510299956639812	42	616	log2(tiles)=0.00 log10(pixels)=0.25
0.0510299956639812	43	617	log2(tiles)=0.00 log10(pixels)=0.25
0.102059991327962	30	618	log2(tiles)=0.00 log10(pixels)=0.50
0.0281512503836436	22	619	log2(tiles)=0.00 log10(pixels)=0.75
0	31	620	log2(tiles)=0.00 log10(pixels)=0.00
0.0510299956639812	44	621	log2(tiles)=0.00 log10(pixels)=0.25
0.0510299956639812	45	622	log2(tiles)=0.00 log10(pixels)=0.25
0.0510299956639812	46	623	log2(tiles)=0.00 log10(pixels)=0.25
-0.0510299956639812	25	624	log2(tiles)=0.00 log10(pixels)=0.75
0.102059991327962	31	625	log2(tiles)=0.00 log10(pixels)=0.50
0.0510299956639812	47	626	log2(tiles)=0.00 log10(pixels)=0.25
0.102059991327962	3	627	log2(tiles)=1.00 log10(pixels)=0.50
0	32	628	log2(tiles)=0.00 log10(pixels)=0.00
0.0281512503836436	23	629	log2(tiles)=0.00 log10(pixels)=0.75
0	33	630	log2(tiles)=0.00 log10(pixels)=0.00
0.0950980400142568	21	631	log2(tiles)=0.00 log10(pixels)=0.75
0	34	632	log2(tiles)=0.00 log10(pixels)=0.00
0.0950980400142568	2	633	log2(tiles)=1.00 log10(pixels)=0.75
-0.0228787452803376	40	634	log2(tiles)=0.00 log10(pixels)=0.50
0.0510299956639812	48	635	log2(tiles)=0.00 log10(pixels)=0.25
0	35	636	log2(tiles)=0.00 log10(pixels)=0.00
0.0950980400142568	22	637	log2(tiles)=0.00 log10(pixels)=0.75
-0.0510299956639812	26	638	log2(tiles)=0.00 log10(pixels)=0.75
0.0791812460476249	10	639	log2(tiles)=0.00 log10(pixels)=1.00
0	36	640	log2(tiles)=0.00 log10(pixels)=0.00
-0.0228787452803376	41	641	log2(tiles)=0.00 log10(pixels)=0.50
0	37	642	log2(tiles)=0.00 log10(pixels)=0.00
-0.0457574905606751	17	643	log2(tiles)=0.00 log10(pixels)=1.00
0	38	644	log2(tiles)=0.00 log10(pixels)=0.00
0.0510299956639812	49	645	log2(tiles)=0.00 log10(pixels)=0.25
-0.0510299956639812	27	646	log2(tiles)=0.00 log10(pixels)=0.75
0	39	647	log2(tiles)=0.00 log10(pixels)=0.00
0.0510299956639812	50	648	log2(tiles)=0.00 log10(pixels)=0.25
0.0510299956639812	51	649	log2(tiles)=0.00 log10(pixels)=0.25
0	40	650	log2(tiles)=0.00 log10(pixels)=0.00
0	41	651	log2(tiles)=0.00 log10(pixels)=0.00
-0.0228787452803376	42	652	log2(tiles)=0.00 log10(pixels)=0.50
0.0413926851582249	7	653	log2(tiles)=0.00 log10(pixels)=1.00
0	42	654	log2(tiles)=0.00 log10(pixels)=0.00
-0.0228787452803376	43	655	log2(tiles)=0.00 log10(pixels)=0.50
0	43	656	log2(tiles)=0.00 log10(pixels)=0.00
-0.0510299956639812	28	657	log2(tiles)=0.00 log10(pixels)=0.75
0.102059991327962	32	658	log2(tiles)=0.00 log10(pixels)=0.50
0	44	659	log2(tiles)=0.00 log10(pixels)=0.00
0.102059991327962	33	660	log2(tiles)=0.00 log10(pixels)=0.50
0.0609042806687006	1	661	log2(tiles)=1.00 log10(pixels)=2.75
-0.0228787452803376	44	662	log2(tiles)=0.00 log10(pixels)=0.50
-0.103871964321762	8	663	log2(tiles)=0.00 log10(pixels)=1.25
0.0510299956639812	4	664	log2(tiles)=1.00 log10(pixels)=0.25
-0.0228787452803376	45	665	log2(tiles)=0.00 log10(pixels)=0.50
0.0281512503836436	1	666	log2(tiles)=0.00 log10(pixels)=1.75
-0.0510299956639812	29	667	log2(tiles)=0.00 log10(pixels)=0.75
-0.0228787452803376	46	668	log2(tiles)=0.00 log10(pixels)=0.50
-0.0457574905606751	18	669	log2(tiles)=0.00 log10(pixels)=1.00
0	45	670	log2(tiles)=0.00 log10(pixels)=0.00
0	46	671	log2(tiles)=0.00 log10(pixels)=0.00
0	47	672	log2(tiles)=0.00 log10(pixels)=0.00
0	48	673	log2(tiles)=0.00 log10(pixels)=0.00
-0.0228787452803376	47	674	log2(tiles)=0.00 log10(pixels)=0.50
-0.0228787452803376	1	675	log2(tiles)=1.00 log10(pixels)=0.50
0	49	676	log2(tiles)=0.00 log10(pixels)=0.00
0	50	677	log2(tiles)=0.00 log10(pixels)=0.00
-0.000312917381596112	1	678	log2(tiles)=0.00 log10(pixels)=2.50
-0.0457574905606751	19	679	log2(tiles)=0.00 log10(pixels)=1.00
0.0510299956639812	52	680	log2(tiles)=0.00 log10(pixels)=0.25
0	51	681	log2(tiles)=0.00 log10(pixels)=0.00
0.0510299956639812	53	682	log2(tiles)=0.00 log10(pixels)=0.25
0.102059991327962	34	683	log2(tiles)=0.00 log10(pixels)=0.50
0	52	684	log2(tiles)=0.00 log10(pixels)=0.00
-0.0757207139381184	1	685	log2(tiles)=1.00 log10(pixels)=2.00
0.113943352306837	3	686	log2(tiles)=1.00 log10(pixels)=1.00
0.102059991327962	35	687	log2(tiles)=0.00 log10(pixels)=0.50
-0.0510299956639812	30	688	log2(tiles)=0.00 log10(pixels)=0.75
-0.0510299956639812	31	689	log2(tiles)=0.00 log10(pixels)=0.75
-0.0510299956639812	32	690	log2(tiles)=0.00 log10(pixels)=0.75
-0.102059991327962	7	691	log2(tiles)=0.00 log10(pixels)=1.50
0.0510299956639812	54	692	log2(tiles)=0.00 log10(pixels)=0.25
-0.0228787452803376	48	693	log2(tiles)=0.00 log10(pixels)=0.50
0.0510299956639812	55	694	log2(tiles)=0.00 log10(pixels)=0.25
0.0510299956639812	56	695	log2(tiles)=0.00 log10(pixels)=0.25
-0.0969100130080565	13	696	log2(tiles)=0.00 log10(pixels)=1.00
0.0510299956639812	57	697	log2(tiles)=0.00 log10(pixels)=0.25
0	53	698	log2(tiles)=0.00 log10(pixels)=0.00
-0.0457574905606751	1	699	log2(tiles)=1.00 log10(pixels)=1.00
0.0510299956639812	58	700	log2(tiles)=0.00 log10(pixels)=0.25
-0.0969100130080565	14	701	log2(tiles)=0.00 log10(pixels)=1.00
0.102059991327962	36	702	log2(tiles)=0.00 log10(pixels)=0.50
0.0510299956639812	59	703	log2(tiles)=0.00 log10(pixels)=0.25
0.0722192947339193	3	704	log2(tiles)=0.00 log10(pixels)=1.25
0.068201724066995	1	705	log2(tiles)=1.50 log10(pixels)=1.50
0.0924226808222062	7	706	log2(tiles)=0.00 log10(pixels)=1.25
-0.0228787452803376	49	707	log2(tiles)=0.00 log10(pixels)=0.50
0	54	708	log2(tiles)=0.00 log10(pixels)=0.00
0.0510299956639812	60	709	log2(tiles)=0.00 log10(pixels)=0.25
0	55	710	log2(tiles)=0.00 log10(pixels)=0.00
0	56	711	log2(tiles)=0.00 log10(pixels)=0.00
0.0413926851582249	8	712	log2(tiles)=0.00 log10(pixels)=1.00
0.00527250510330601	9	713	log2(tiles)=0.00 log10(pixels)=1.25
0.068201724066995	2	714	log2(tiles)=0.00 log10(pixels)=1.50
-0.0228787452803376	50	715	log2(tiles)=0.00 log10(pixels)=0.50
-0.1249387366083	1	716	log2(tiles)=1.00 log10(pixels)=2.00
-0.0228787452803376	51	717	log2(tiles)=0.00 log10(pixels)=0.50
0	57	718	log2(tiles)=0.00 log10(pixels)=0.00
0.0510299956639812	61	719	log2(tiles)=0.00 log10(pixels)=0.25
0	58	720	log2(tiles)=0.00 log10(pixels)=0.00
-0.0228787452803376	5	721	log2(tiles)=0.00 log10(pixels)=1.50
0	59	722	log2(tiles)=0.00 log10(pixels)=0.00
-0.0228787452803376	52	723	log2(tiles)=0.00 log10(pixels)=0.50
0.0950980400142568	23	724	log2(tiles)=0.00 log10(pixels)=0.75
-0.0228787452803376	53	725	log2(tiles)=0.00 log10(pixels)=0.50
0	60	726	log2(tiles)=0.00 log10(pixels)=0.00
-0.0228787452803376	54	727	log2(tiles)=0.00 log10(pixels)=0.50
0.0510299956639812	62	728	log2(tiles)=0.00 log10(pixels)=0.25
-0.0228787452803376	55	729	log2(tiles)=0.00 log10(pixels)=0.50
0.0950980400142568	3	730	log2(tiles)=1.00 log10(pixels)=0.75
-0.102059991327962	8	731	log2(tiles)=0.00 log10(pixels)=1.50
0.0287536009528289	2	732	log2(tiles)=1.00 log10(pixels)=1.25
0	61	733	log2(tiles)=0.00 log10(pixels)=0.00
0	62	734	log2(tiles)=0.00 log10(pixels)=0.00
0.0950980400142568	24	735	log2(tiles)=0.00 log10(pixels)=0.75
0	63	736	log2(tiles)=0.00 log10(pixels)=0.00
-0.0228787452803376	56	737	log2(tiles)=0.00 log10(pixels)=0.50
0	64	738	log2(tiles)=0.00 log10(pixels)=0.00
0	65	739	log2(tiles)=0.00 log10(pixels)=0.00
-0.0228787452803376	57	740	log2(tiles)=0.00 log10(pixels)=0.50
0.0510299956639812	63	741	log2(tiles)=0.00 log10(pixels)=0.25
-0.0457574905606751	20	742	log2(tiles)=0.00 log10(pixels)=1.00
-0.0969100130080565	15	743	log2(tiles)=0.00 log10(pixels)=1.00
0.102059991327962	37	744	log2(tiles)=0.00 log10(pixels)=0.50
-0.0739087409443187	7	745	log2(tiles)=0.00 log10(pixels)=1.25
0.102059991327962	38	746	log2(tiles)=0.00 log10(pixels)=0.50
0	66	747	log2(tiles)=0.00 log10(pixels)=0.00
0	67	748	log2(tiles)=0.00 log10(pixels)=0.00
0	68	749	log2(tiles)=0.00 log10(pixels)=0.00
0	69	750	log2(tiles)=0.00 log10(pixels)=0.00
0.0510299956639812	64	751	log2(tiles)=0.00 log10(pixels)=0.25
0.102059991327962	39	752	log2(tiles)=0.00 log10(pixels)=0.50
0.0413926851582249	1	753	log2(tiles)=1.00 log10(pixels)=1.00
-0.0228787452803376	58	754	log2(tiles)=0.00 log10(pixels)=0.50
0	70	755	log2(tiles)=0.00 log10(pixels)=0.00
-0.0228787452803376	59	756	log2(tiles)=0.00 log10(pixels)=0.50
0.0510299956639812	65	757	log2(tiles)=0.00 log10(pixels)=0.25
0.0510299956639812	66	758	log2(tiles)=0.00 log10(pixels)=0.25
0.00527250510330601	3	759	log2(tiles)=1.00 log10(pixels)=1.25
-0.0228787452803376	60	760	log2(tiles)=0.00 log10(pixels)=0.50
-0.0969100130080565	16	761	log2(tiles)=0.00 log10(pixels)=1.00
0.0281512503836436	24	762	log2(tiles)=0.00 log10(pixels)=0.75
0	13	763	log2(tiles)=0.00 log10(pixels)=1.00
0	71	764	log2(tiles)=0.00 log10(pixels)=0.00
0.0510299956639812	67	765	log2(tiles)=0.00 log10(pixels)=0.25
0.0924226808222062	2	766	log2(tiles)=1.00 log10(pixels)=1.25
0.0950980400142568	25	767	log2(tiles)=0.00 log10(pixels)=0.75
0.0510299956639812	68	768	log2(tiles)=0.00 log10(pixels)=0.25
0	72	769	log2(tiles)=0.00 log10(pixels)=0.00
0	73	770	log2(tiles)=0.00 log10(pixels)=0.00
0.0510299956639812	69	771	log2(tiles)=0.00 log10(pixels)=0.25
-0.0457574905606751	21	772	log2(tiles)=0.00 log10(pixels)=1.00
-0.0228787452803376	61	773	log2(tiles)=0.00 log10(pixels)=0.50
0	74	774	log2(tiles)=0.00 log10(pixels)=0.00
0.068201724066995	3	775	log2(tiles)=0.00 log10(pixels)=1.50
0.0510299956639812	70	776	log2(tiles)=0.00 log10(pixels)=0.25
-0.0228787452803376	6	777	log2(tiles)=0.00 log10(pixels)=1.50
0	75	778	log2(tiles)=0.00 log10(pixels)=0.00
0.102059991327962	40	779	log2(tiles)=0.00 log10(pixels)=0.50
0	76	780	log2(tiles)=0.00 log10(pixels)=0.00
0.00527250510330601	10	781	log2(tiles)=0.00 log10(pixels)=1.25
0.0510299956639812	71	782	log2(tiles)=0.00 log10(pixels)=0.25
0.0644579892269186	1	783	log2(tiles)=1.00 log10(pixels)=2.00
0.0510299956639812	5	784	log2(tiles)=1.00 log10(pixels)=0.25
-0.0510299956639812	33	785	log2(tiles)=0.00 log10(pixels)=0.75
0.0510299956639812	72	786	log2(tiles)=0.00 log10(pixels)=0.25
0.0413926851582249	9	787	log2(tiles)=0.00 log10(pixels)=1.00
0	77	788	log2(tiles)=0.00 log10(pixels)=0.00
0.102059991327962	41	789	log2(tiles)=0.00 log10(pixels)=0.50
-0.103871964321762	9	790	log2(tiles)=0.00 log10(pixels)=1.25
-0.0228787452803376	62	791	log2(tiles)=0.00 log10(pixels)=0.50
0.102059991327962	42	792	log2(tiles)=0.00 log10(pixels)=0.50
-0.0228787452803376	63	793	log2(tiles)=0.00 log10(pixels)=0.50
-0.0228787452803376	64	794	log2(tiles)=0.00 log10(pixels)=0.50
0.0281512503836436	1	795	log2(tiles)=1.00 log10(pixels)=0.75
0.102059991327962	43	796	log2(tiles)=0.00 log10(pixels)=0.50
0.0950980400142568	26	797	log2(tiles)=0.00 log10(pixels)=0.75
0	78	798	log2(tiles)=0.00 log10(pixels)=0.00
0	79	799	log2(tiles)=0.00 log10(pixels)=0.00
0	80	800	log2(tiles)=0.00 log10(pixels)=0.00
0	81	801	log2(tiles)=0.00 log10(pixels)=0.00
0.0510299956639812	73	802	log2(tiles)=0.00 log10(pixels)=0.25
-0.0228787452803376	65	803	log2(tiles)=0.00 log10(pixels)=0.50
0	82	804	log2(tiles)=0.00 log10(pixels)=0.00
0	83	805	log2(tiles)=0.00 log10(pixels)=0.00
-0.0132282657337552	3	806	log2(tiles)=0.00 log10(pixels)=2.00
0.111727836017593	4	807	log2(tiles)=0.00 log10(pixels)=1.25
0	84	808	log2(tiles)=0.00 log10(pixels)=0.00
0	85	809	log2(tiles)=0.00 log10(pixels)=0.00
0	86	810	log2(tiles)=0.00 log10(pixels)=0.00
0.0510299956639812	74	811	log2(tiles)=0.00 log10(pixels)=0.25
0	87	812	log2(tiles)=0.00 log10(pixels)=0.00
0	88	813	log2(tiles)=0.00 log10(pixels)=0.00
0.0413926851582249	10	814	log2(tiles)=0.00 log10(pixels)=1.00
0	89	815	log2(tiles)=0.00 log10(pixels)=0.00
0.0510299956639812	75	816	log2(tiles)=0.00 log10(pixels)=0.25
-0.0510299956639812	34	817	log2(tiles)=0.00 log10(pixels)=0.75
-0.0228787452803376	66	818	log2(tiles)=0.00 log10(pixels)=0.50
0.111727836017593	4	819	log2(tiles)=1.00 log10(pixels)=1.25
-0.0228787452803376	67	820	log2(tiles)=0.00 log10(pixels)=0.50
0	90	821	log2(tiles)=0.00 log10(pixels)=0.00
0.102059991327962	44	822	log2(tiles)=0.00 log10(pixels)=0.50
-0.0228787452803376	68	823	log2(tiles)=0.00 log10(pixels)=0.50
-0.0510299956639812	35	824	log2(tiles)=0.00 log10(pixels)=0.75
-0.0228787452803376	69	825	log2(tiles)=0.00 log10(pixels)=0.50
0.102059991327962	45	826	log2(tiles)=0.00 log10(pixels)=0.50
-0.0457574905606751	22	827	log2(tiles)=0.00 log10(pixels)=1.00
0.0413926851582249	11	828	log2(tiles)=0.00 log10(pixels)=1.00
-0.0378123955960423	1	829	log2(tiles)=1.50 log10(pixels)=2.25
0.0510299956639812	76	830	log2(tiles)=0.00 log10(pixels)=0.25
0.0950980400142568	27	831	log2(tiles)=0.00 log10(pixels)=0.75
0	91	832	log2(tiles)=0.00 log10(pixels)=0.00
0	92	833	log2(tiles)=0.00 log10(pixels)=0.00
0	93	834	log2(tiles)=0.00 log10(pixels)=0.00
0	94	835	log2(tiles)=0.00 log10(pixels)=0.00
0	14	836	log2(tiles)=0.00 log10(pixels)=1.00
0	95	837	log2(tiles)=0.00 log10(pixels)=0.00
-0.0228787452803376	70	838	log2(tiles)=0.00 log10(pixels)=0.50
-0.0969100130080565	17	839	log2(tiles)=0.00 log10(pixels)=1.00
0.102059991327962	46	840	log2(tiles)=0.00 log10(pixels)=0.50
-0.106547323513813	3	841	log2(tiles)=0.00 log10(pixels)=1.75
0.05307844348342	1	842	log2(tiles)=0.00 log10(pixels)=2.00
0	96	843	log2(tiles)=0.00 log10(pixels)=0.00
0.0510299956639812	77	844	log2(tiles)=0.00 log10(pixels)=0.25
