x	y	clickSelects
-0.01153681522713	-2.42672739566383	2
0.05430382201784	-2.0756794969119	71
0.0889731630450701	-2.23746328893754	9
0.1203439414124	-2.40340315532289	71
0.0925572272683499	-2.33150100200571	9
0.11021921628687	-1.91925256321859	9
0.0935291534402101	-2.09075901485828	124
-0.00000737466559996847	-2.47680218148736	148
-0.11761916313459	-1.7964013172308	32
0.04639628245909	-2.37964511642531	71
0.01436357140571	-2.27704725292473	71
0.00485622644295991	-2.28927696109212	22
0.09055905281247	-2.42238387021248	59
0.09795788916606	-2.29852675644848	3
0.0697410916709	-2.03482165478088	35
0.00784482786868002	-2.277105934701	353
0.0279505116551699	-1.52230303055814	3
-0.06022378344983	-2.35916402360759	288
-0.05825294089183	-2.41518804042496	93
0.10484307305107	1.64295188926095	445
